CHROM	POS	RSID	REF	ALT	AAF
1	1	rs270001	2	1	0,1
1	2	rs270002	2	1	0,1
1	3	rs270003	2	1	0,1
1	4	rs270004	2	1	0,1
1	5	rs270005	2	1	0,1
1	6	rs270006	2	1	0,1
1	7	rs270007	2	1	0,1
1	8	rs270008	2	1	0,1
1	9	rs270009	2	1	0,1
1	10	rs270010	2	1	0,1
1	11	rs270011	2	1	0,1
1	12	rs270012	2	1	0,1
1	13	rs270013	2	1	0,1
1	14	rs270014	2	1	0,1
1	15	rs270015	2	1	0,1
1	16	rs270016	2	1	0,1
1	17	rs270017	2	1	0,1
1	18	rs270018	2	1	0,1
1	19	rs270019	2	1	0,1
1	20	rs270020	2	1	0,1
1	21	rs270021	2	1	0,1
1	22	rs270022	2	1	0,1
1	23	rs270023	2	1	0,1
1	24	rs270024	2	1	0,1
1	25	rs270025	2	1	0,1
1	26	rs270026	2	1	0,1
1	27	rs270027	2	1	0,1
1	28	rs270028	2	1	0,1
1	29	rs270029	2	1	0,1
1	30	rs270030	2	1	0,1
1	31	rs270031	2	1	0,1
1	32	rs270032	2	1	0,1
1	33	rs270033	2	1	0,1
1	34	rs270034	2	1	0,1
1	35	rs270035	2	1	0,1
1	36	rs270036	2	1	0,1
1	37	rs270037	2	1	0,1
1	38	rs270038	2	1	0,1
1	39	rs270039	2	1	0,1
1	40	rs270040	2	1	0,1
1	41	rs270041	2	1	0,1
1	42	rs270042	2	1	0,1
1	43	rs270043	2	1	0,1
1	44	rs270044	2	1	0,1
1	45	rs270045	2	1	0,1
1	46	rs270046	2	1	0,1
1	47	rs270047	2	1	0,1
1	48	rs270048	2	1	0,1
1	49	rs270049	2	1	0,1
1	50	rs270050	2	1	0,1
1	51	rs270051	2	1	0,1
1	52	rs270052	2	1	0,1
1	53	rs270053	2	1	0,1
1	54	rs270054	2	1	0,1
1	55	rs270055	2	1	0,1
1	56	rs270056	2	1	0,1
1	57	rs270057	2	1	0,1
1	58	rs270058	2	1	0,1
1	59	rs270059	2	1	0,1
1	60	rs270060	2	1	0,1
1	61	rs270061	2	1	0,1
1	62	rs270062	2	1	0,1
1	63	rs270063	2	1	0,1
1	64	rs270064	2	1	0,1
1	65	rs270065	2	1	0,1
1	66	rs270066	2	1	0,1
1	67	rs270067	2	1	0,1
1	68	rs270068	2	1	0,1
1	69	rs270069	2	1	0,1
1	70	rs270070	2	1	0,1
1	71	rs270071	2	1	0,1
1	72	rs270072	2	1	0,1
1	73	rs270073	2	1	0,1
1	74	rs270074	2	1	0,1
1	75	rs270075	2	1	0,1
1	76	rs270076	2	1	0,1
1	77	rs270077	2	1	0,1
1	78	rs270078	2	1	0,1
1	79	rs270079	2	1	0,1
1	80	rs270080	2	1	0,1
1	81	rs270081	2	1	0,1
1	82	rs270082	2	1	0,1
1	83	rs270083	2	1	0,1
1	84	rs270084	2	1	0,1
1	85	rs270085	2	1	0,1
1	86	rs270086	2	1	0,1
1	87	rs270087	2	1	0,1
1	88	rs270088	2	1	0,1
1	89	rs270089	2	1	0,1
1	90	rs270090	2	1	0,1
1	91	rs270091	2	1	0,1
1	92	rs270092	2	1	0,1
1	93	rs270093	2	1	0,1
1	94	rs270094	2	1	0,1
1	95	rs270095	2	1	0,1
1	96	rs270096	2	1	0,1
1	97	rs270097	2	1	0,1
1	98	rs270098	2	1	0,1
1	99	rs270099	2	1	0,1
1	100	rs270100	2	1	0,1
1	101	rs270101	2	1	0,1
1	102	rs270102	2	1	0,1
1	103	rs270103	2	1	0,1
1	104	rs270104	2	1	0,1
1	105	rs270105	2	1	0,1
1	106	rs270106	2	1	0,1
1	107	rs270107	2	1	0,1
1	108	rs270108	2	1	0,1
1	109	rs270109	2	1	0,1
1	110	rs270110	2	1	0,1
1	111	rs270111	2	1	0,1
1	112	rs270112	2	1	0,1
1	113	rs270113	2	1	0,1
1	114	rs270114	2	1	0,1
1	115	rs270115	2	1	0,1
1	116	rs270116	2	1	0,1
1	117	rs270117	2	1	0,1
1	118	rs270118	2	1	0,1
1	119	rs270119	2	1	0,1
1	120	rs270120	2	1	0,1
1	121	rs270121	2	1	0,1
1	122	rs270122	2	1	0,1
1	123	rs270123	2	1	0,1
1	124	rs270124	2	1	0,1
1	125	rs270125	2	1	0,1
1	126	rs270126	2	1	0,1
1	127	rs270127	2	1	0,1
1	128	rs270128	2	1	0,1
1	129	rs270129	2	1	0,1
1	130	rs270130	2	1	0,1
1	131	rs270131	2	1	0,1
1	132	rs270132	2	1	0,1
1	133	rs270133	2	1	0,1
1	134	rs270134	2	1	0,1
1	135	rs270135	2	1	0,1
1	136	rs270136	2	1	0,1
1	137	rs270137	2	1	0,1
1	138	rs270138	2	1	0,1
1	139	rs270139	2	1	0,1
1	140	rs270140	2	1	0,1
1	141	rs270141	2	1	0,1
1	142	rs270142	2	1	0,1
1	143	rs270143	2	1	0,1
1	144	rs270144	2	1	0,1
1	145	rs270145	2	1	0,1
1	146	rs270146	2	1	0,1
1	147	rs270147	2	1	0,1
1	148	rs270148	2	1	0,1
1	149	rs270149	2	1	0,1
1	150	rs270150	2	1	0,1
1	151	rs270151	2	1	0,1
1	152	rs270152	2	1	0,1
1	153	rs270153	2	1	0,1
1	154	rs270154	2	1	0,1
1	155	rs270155	2	1	0,1
1	156	rs270156	2	1	0,1
1	157	rs270157	2	1	0,1
1	158	rs270158	2	1	0,1
1	159	rs270159	2	1	0,1
1	160	rs270160	2	1	0,1
1	161	rs270161	2	1	0,1
1	162	rs270162	2	1	0,1
1	163	rs270163	2	1	0,1
1	164	rs270164	2	1	0,1
1	165	rs270165	2	1	0,1
1	166	rs270166	2	1	0,1
1	167	rs270167	2	1	0,1
1	168	rs270168	2	1	0,1
1	169	rs270169	2	1	0,1
1	170	rs270170	2	1	0,1
1	171	rs270171	2	1	0,1
1	172	rs270172	2	1	0,1
1	173	rs270173	2	1	0,1
1	174	rs270174	2	1	0,1
1	175	rs270175	2	1	0,1
1	176	rs270176	2	1	0,1
1	177	rs270177	2	1	0,1
1	178	rs270178	2	1	0,1
1	179	rs270179	2	1	0,1
1	180	rs270180	2	1	0,1
1	181	rs270181	2	1	0,1
1	182	rs270182	2	1	0,1
1	183	rs270183	2	1	0,1
1	184	rs270184	2	1	0,1
1	185	rs270185	2	1	0,1
1	186	rs270186	2	1	0,1
1	187	rs270187	2	1	0,1
1	188	rs270188	2	1	0,1
1	189	rs270189	2	1	0,1
1	190	rs270190	2	1	0,1
1	191	rs270191	2	1	0,1
1	192	rs270192	2	1	0,1
1	193	rs270193	2	1	0,1
1	194	rs270194	2	1	0,1
1	195	rs270195	2	1	0,1
1	196	rs270196	2	1	0,1
1	197	rs270197	2	1	0,1
1	198	rs270198	2	1	0,1
1	199	rs270199	2	1	0,1
1	200	rs270200	2	1	0,1
1	201	rs270201	2	1	0,1
1	202	rs270202	2	1	0,1
1	203	rs270203	2	1	0,1
1	204	rs270204	2	1	0,1
1	205	rs270205	2	1	0,1
1	206	rs270206	2	1	0,1
1	207	rs270207	2	1	0,1
1	208	rs270208	2	1	0,1
1	209	rs270209	2	1	0,1
1	210	rs270210	2	1	0,1
1	211	rs270211	2	1	0,1
1	212	rs270212	2	1	0,1
1	213	rs270213	2	1	0,1
1	214	rs270214	2	1	0,1
1	215	rs270215	2	1	0,1
1	216	rs270216	2	1	0,1
1	217	rs270217	2	1	0,1
1	218	rs270218	2	1	0,1
1	219	rs270219	2	1	0,1
1	220	rs270220	2	1	0,1
1	221	rs270221	2	1	0,1
1	222	rs270222	2	1	0,1
1	223	rs270223	2	1	0,1
1	224	rs270224	2	1	0,1
1	225	rs270225	2	1	0,1
1	226	rs270226	2	1	0,1
1	227	rs270227	2	1	0,1
1	228	rs270228	2	1	0,1
1	229	rs270229	2	1	0,1
1	230	rs270230	2	1	0,1
1	231	rs270231	2	1	0,1
1	232	rs270232	2	1	0,1
1	233	rs270233	2	1	0,1
1	234	rs270234	2	1	0,1
1	235	rs270235	2	1	0,1
1	236	rs270236	2	1	0,1
1	237	rs270237	2	1	0,1
1	238	rs270238	2	1	0,1
1	239	rs270239	2	1	0,1
1	240	rs270240	2	1	0,1
1	241	rs270241	2	1	0,1
1	242	rs270242	2	1	0,1
1	243	rs270243	2	1	0,1
1	244	rs270244	2	1	0,1
1	245	rs270245	2	1	0,1
1	246	rs270246	2	1	0,1
1	247	rs270247	2	1	0,1
1	248	rs270248	2	1	0,1
1	249	rs270249	2	1	0,1
1	250	rs270250	2	1	0,1
1	251	rs270251	2	1	0,1
1	252	rs270252	2	1	0,1
1	253	rs270253	2	1	0,1
1	254	rs270254	2	1	0,1
1	255	rs270255	2	1	0,1
1	256	rs270256	2	1	0,1
1	257	rs270257	2	1	0,1
1	258	rs270258	2	1	0,1
1	259	rs270259	2	1	0,1
1	260	rs270260	2	1	0,1
1	261	rs270261	2	1	0,1
1	262	rs270262	2	1	0,1
1	263	rs270263	2	1	0,1
1	264	rs270264	2	1	0,1
1	265	rs270265	2	1	0,1
1	266	rs270266	2	1	0,1
1	267	rs270267	2	1	0,1
1	268	rs270268	2	1	0,1
1	269	rs270269	2	1	0,1
1	270	rs270270	2	1	0,1
1	271	rs270271	2	1	0,1
1	272	rs270272	2	1	0,1
1	273	rs270273	2	1	0,1
1	274	rs270274	2	1	0,1
1	275	rs270275	2	1	0,1
1	276	rs270276	2	1	0,1
1	277	rs270277	2	1	0,1
1	278	rs270278	2	1	0,1
1	279	rs270279	2	1	0,1
1	280	rs270280	2	1	0,1
1	281	rs270281	2	1	0,1
1	282	rs270282	2	1	0,1
1	283	rs270283	2	1	0,1
1	284	rs270284	2	1	0,1
1	285	rs270285	2	1	0,1
1	286	rs270286	2	1	0,1
1	287	rs270287	2	1	0,1
1	288	rs270288	2	1	0,1
1	289	rs270289	2	1	0,1
1	290	rs270290	2	1	0,1
1	291	rs270291	2	1	0,1
1	292	rs270292	2	1	0,1
1	293	rs270293	2	1	0,1
1	294	rs270294	2	1	0,1
1	295	rs270295	2	1	0,1
1	296	rs270296	2	1	0,1
1	297	rs270297	2	1	0,1
1	298	rs270298	2	1	0,1
1	299	rs270299	2	1	0,1
1	300	rs270300	2	1	0,1
1	301	rs270301	2	1	0,1
1	302	rs270302	2	1	0,1
1	303	rs270303	2	1	0,1
1	304	rs270304	2	1	0,1
1	305	rs270305	2	1	0,1
1	306	rs270306	2	1	0,1
1	307	rs270307	2	1	0,1
1	308	rs270308	2	1	0,1
1	309	rs270309	2	1	0,1
1	310	rs270310	2	1	0,1
1	311	rs270311	2	1	0,1
1	312	rs270312	2	1	0,1
1	313	rs270313	2	1	0,1
1	314	rs270314	2	1	0,1
1	315	rs270315	2	1	0,1
1	316	rs270316	2	1	0,1
1	317	rs270317	2	1	0,1
1	318	rs270318	2	1	0,1
1	319	rs270319	2	1	0,1
1	320	rs270320	2	1	0,1
1	321	rs270321	2	1	0,1
1	322	rs270322	2	1	0,1
1	323	rs270323	2	1	0,1
1	324	rs270324	2	1	0,1
1	325	rs270325	2	1	0,1
1	326	rs270326	2	1	0,1
1	327	rs270327	2	1	0,1
1	328	rs270328	2	1	0,1
1	329	rs270329	2	1	0,1
1	330	rs270330	2	1	0,1
1	331	rs270331	2	1	0,1
1	332	rs270332	2	1	0,1
1	333	rs270333	2	1	0,1
1	334	rs270334	2	1	0,1
1	335	rs270335	2	1	0,1
1	336	rs270336	2	1	0,1
1	337	rs270337	2	1	0,1
1	338	rs270338	2	1	0,1
1	339	rs270339	2	1	0,1
1	340	rs270340	2	1	0,1
1	341	rs270341	2	1	0,1
1	342	rs270342	2	1	0,1
1	343	rs270343	2	1	0,1
1	344	rs270344	2	1	0,1
1	345	rs270345	2	1	0,1
1	346	rs270346	2	1	0,1
1	347	rs270347	2	1	0,1
1	348	rs270348	2	1	0,1
1	349	rs270349	2	1	0,1
1	350	rs270350	2	1	0,1
1	351	rs270351	2	1	0,1
1	352	rs270352	2	1	0,1
1	353	rs270353	2	1	0,1
1	354	rs270354	2	1	0,1
1	355	rs270355	2	1	0,1
1	356	rs270356	2	1	0,1
1	357	rs270357	2	1	0,1
1	358	rs270358	2	1	0,1
1	359	rs270359	2	1	0,1
1	360	rs270360	2	1	0,1
1	361	rs270361	2	1	0,1
1	362	rs270362	2	1	0,1
1	363	rs270363	2	1	0,1
1	364	rs270364	2	1	0,1
1	365	rs270365	2	1	0,1
1	366	rs270366	2	1	0,1
1	367	rs270367	2	1	0,1
1	368	rs270368	2	1	0,1
1	369	rs270369	2	1	0,1
1	370	rs270370	2	1	0,1
1	371	rs270371	2	1	0,1
1	372	rs270372	2	1	0,1
1	373	rs270373	2	1	0,1
1	374	rs270374	2	1	0,1
1	375	rs270375	2	1	0,1
1	376	rs270376	2	1	0,1
1	377	rs270377	2	1	0,1
1	378	rs270378	2	1	0,1
1	379	rs270379	2	1	0,1
1	380	rs270380	2	1	0,1
1	381	rs270381	2	1	0,1
1	382	rs270382	2	1	0,1
1	383	rs270383	2	1	0,1
1	384	rs270384	2	1	0,1
1	385	rs270385	2	1	0,1
1	386	rs270386	2	1	0,1
1	387	rs270387	2	1	0,1
1	388	rs270388	2	1	0,1
1	389	rs270389	2	1	0,1
1	390	rs270390	2	1	0,1
1	391	rs270391	2	1	0,1
1	392	rs270392	2	1	0,1
1	393	rs270393	2	1	0,1
1	394	rs270394	2	1	0,1
1	395	rs270395	2	1	0,1
1	396	rs270396	2	1	0,1
1	397	rs270397	2	1	0,1
1	398	rs270398	2	1	0,1
1	399	rs270399	2	1	0,1
1	400	rs270400	2	1	0,1
1	401	rs270401	2	1	0,1
1	402	rs270402	2	1	0,1
1	403	rs270403	2	1	0,1
1	404	rs270404	2	1	0,1
1	405	rs270405	2	1	0,1
1	406	rs270406	2	1	0,1
1	407	rs270407	2	1	0,1
1	408	rs270408	2	1	0,1
1	409	rs270409	2	1	0,1
1	410	rs270410	2	1	0,1
1	411	rs270411	2	1	0,1
1	412	rs270412	2	1	0,1
1	413	rs270413	2	1	0,1
1	414	rs270414	2	1	0,1
1	415	rs270415	2	1	0,1
1	416	rs270416	2	1	0,1
1	417	rs270417	2	1	0,1
1	418	rs270418	2	1	0,1
1	419	rs270419	2	1	0,1
1	420	rs270420	2	1	0,1
1	421	rs270421	2	1	0,1
1	422	rs270422	2	1	0,1
1	423	rs270423	2	1	0,1
1	424	rs270424	2	1	0,1
1	425	rs270425	2	1	0,1
1	426	rs270426	2	1	0,1
1	427	rs270427	2	1	0,1
1	428	rs270428	2	1	0,1
1	429	rs270429	2	1	0,1
1	430	rs270430	2	1	0,1
1	431	rs270431	2	1	0,1
1	432	rs270432	2	1	0,1
1	433	rs270433	2	1	0,1
1	434	rs270434	2	1	0,1
1	435	rs270435	2	1	0,1
1	436	rs270436	2	1	0,1
1	437	rs270437	2	1	0,1
1	438	rs270438	2	1	0,1
1	439	rs270439	2	1	0,1
1	440	rs270440	2	1	0,1
1	441	rs270441	2	1	0,1
1	442	rs270442	2	1	0,1
1	443	rs270443	2	1	0,1
1	444	rs270444	2	1	0,1
1	445	rs270445	2	1	0,1
1	446	rs270446	2	1	0,1
1	447	rs270447	2	1	0,1
1	448	rs270448	2	1	0,1
1	449	rs270449	2	1	0,1
1	450	rs270450	2	1	0,1
1	451	rs270451	2	1	0,1
1	452	rs270452	2	1	0,1
1	453	rs270453	2	1	0,1
1	454	rs270454	2	1	0,1
1	455	rs270455	2	1	0,1
1	456	rs270456	2	1	0,1
1	457	rs270457	2	1	0,1
1	458	rs270458	2	1	0,1
1	459	rs270459	2	1	0,1
1	460	rs270460	2	1	0,1
1	461	rs270461	2	1	0,1
1	462	rs270462	2	1	0,1
1	463	rs270463	2	1	0,1
1	464	rs270464	2	1	0,1
1	465	rs270465	2	1	0,1
1	466	rs270466	2	1	0,1
1	467	rs270467	2	1	0,1
1	468	rs270468	2	1	0,1
1	469	rs270469	2	1	0,1
1	470	rs270470	2	1	0,1
1	471	rs270471	2	1	0,1
1	472	rs270472	2	1	0,1
1	473	rs270473	2	1	0,1
1	474	rs270474	2	1	0,1
1	475	rs270475	2	1	0,1
1	476	rs270476	2	1	0,1
1	477	rs270477	2	1	0,1
1	478	rs270478	2	1	0,1
1	479	rs270479	2	1	0,1
1	480	rs270480	2	1	0,1
1	481	rs270481	2	1	0,1
1	482	rs270482	2	1	0,1
1	483	rs270483	2	1	0,1
1	484	rs270484	2	1	0,1
1	485	rs270485	2	1	0,1
1	486	rs270486	2	1	0,1
1	487	rs270487	2	1	0,1
1	488	rs270488	2	1	0,1
1	489	rs270489	2	1	0,1
1	490	rs270490	2	1	0,1
1	491	rs270491	2	1	0,1
1	492	rs270492	2	1	0,1
1	493	rs270493	2	1	0,1
1	494	rs270494	2	1	0,1
1	495	rs270495	2	1	0,1
1	496	rs270496	2	1	0,1
1	497	rs270497	2	1	0,1
1	498	rs270498	2	1	0,1
1	499	rs270499	2	1	0,1
1	500	rs270500	2	1	0,1
1	501	rs270501	2	1	0,1
1	502	rs270502	2	1	0,1
1	503	rs270503	2	1	0,1
1	504	rs270504	2	1	0,1
1	505	rs270505	2	1	0,1
1	506	rs270506	2	1	0,1
1	507	rs270507	2	1	0,1
1	508	rs270508	2	1	0,1
1	509	rs270509	2	1	0,1
1	510	rs270510	2	1	0,1
1	511	rs270511	2	1	0,1
1	512	rs270512	2	1	0,1
1	513	rs270513	2	1	0,1
1	514	rs270514	2	1	0,1
1	515	rs270515	2	1	0,1
1	516	rs270516	2	1	0,1
1	517	rs270517	2	1	0,1
1	518	rs270518	2	1	0,1
1	519	rs270519	2	1	0,1
1	520	rs270520	2	1	0,1
1	521	rs270521	2	1	0,1
1	522	rs270522	2	1	0,1
1	523	rs270523	2	1	0,1
1	524	rs270524	2	1	0,1
1	525	rs270525	2	1	0,1
1	526	rs270526	2	1	0,1
1	527	rs270527	2	1	0,1
1	528	rs270528	2	1	0,1
1	529	rs270529	2	1	0,1
1	530	rs270530	2	1	0,1
1	531	rs270531	2	1	0,1
1	532	rs270532	2	1	0,1
1	533	rs270533	2	1	0,1
1	534	rs270534	2	1	0,1
1	535	rs270535	2	1	0,1
1	536	rs270536	2	1	0,1
1	537	rs270537	2	1	0,1
1	538	rs270538	2	1	0,1
1	539	rs270539	2	1	0,1
1	540	rs270540	2	1	0,1
1	541	rs270541	2	1	0,1
1	542	rs270542	2	1	0,1
1	543	rs270543	2	1	0,1
1	544	rs270544	2	1	0,1
1	545	rs270545	2	1	0,1
1	546	rs270546	2	1	0,1
1	547	rs270547	2	1	0,1
1	548	rs270548	2	1	0,1
1	549	rs270549	2	1	0,1
1	550	rs270550	2	1	0,1
1	551	rs270551	2	1	0,1
1	552	rs270552	2	1	0,1
1	553	rs270553	2	1	0,1
1	554	rs270554	2	1	0,1
1	555	rs270555	2	1	0,1
1	556	rs270556	2	1	0,1
1	557	rs270557	2	1	0,1
1	558	rs270558	2	1	0,1
1	559	rs270559	2	1	0,1
1	560	rs270560	2	1	0,1
1	561	rs270561	2	1	0,1
1	562	rs270562	2	1	0,1
1	563	rs270563	2	1	0,1
1	564	rs270564	2	1	0,1
1	565	rs270565	2	1	0,1
1	566	rs270566	2	1	0,1
1	567	rs270567	2	1	0,1
1	568	rs270568	2	1	0,1
1	569	rs270569	2	1	0,1
1	570	rs270570	2	1	0,1
1	571	rs270571	2	1	0,1
1	572	rs270572	2	1	0,1
1	573	rs270573	2	1	0,1
1	574	rs270574	2	1	0,1
1	575	rs270575	2	1	0,1
1	576	rs270576	2	1	0,1
1	577	rs270577	2	1	0,1
1	578	rs270578	2	1	0,1
1	579	rs270579	2	1	0,1
1	580	rs270580	2	1	0,1
1	581	rs270581	2	1	0,1
1	582	rs270582	2	1	0,1
1	583	rs270583	2	1	0,1
1	584	rs270584	2	1	0,1
1	585	rs270585	2	1	0,1
1	586	rs270586	2	1	0,1
1	587	rs270587	2	1	0,1
1	588	rs270588	2	1	0,1
1	589	rs270589	2	1	0,1
1	590	rs270590	2	1	0,1
1	591	rs270591	2	1	0,1
1	592	rs270592	2	1	0,1
1	593	rs270593	2	1	0,1
1	594	rs270594	2	1	0,1
1	595	rs270595	2	1	0,1
1	596	rs270596	2	1	0,1
1	597	rs270597	2	1	0,1
1	598	rs270598	2	1	0,1
1	599	rs270599	2	1	0,1
1	600	rs270600	2	1	0,1
1	601	rs270601	2	1	0,1
1	602	rs270602	2	1	0,1
1	603	rs270603	2	1	0,1
1	604	rs270604	2	1	0,1
1	605	rs270605	2	1	0,1
1	606	rs270606	2	1	0,1
1	607	rs270607	2	1	0,1
1	608	rs270608	2	1	0,1
1	609	rs270609	2	1	0,1
1	610	rs270610	2	1	0,1
1	611	rs270611	2	1	0,1
1	612	rs270612	2	1	0,1
1	613	rs270613	2	1	0,1
1	614	rs270614	2	1	0,1
1	615	rs270615	2	1	0,1
1	616	rs270616	2	1	0,1
1	617	rs270617	2	1	0,1
1	618	rs270618	2	1	0,1
1	619	rs270619	2	1	0,1
1	620	rs270620	2	1	0,1
1	621	rs270621	2	1	0,1
1	622	rs270622	2	1	0,1
1	623	rs270623	2	1	0,1
1	624	rs270624	2	1	0,1
1	625	rs270625	2	1	0,1
1	626	rs270626	2	1	0,1
1	627	rs270627	2	1	0,1
1	628	rs270628	2	1	0,1
1	629	rs270629	2	1	0,1
1	630	rs270630	2	1	0,1
1	631	rs270631	2	1	0,1
1	632	rs270632	2	1	0,1
1	633	rs270633	2	1	0,1
1	634	rs270634	2	1	0,1
1	635	rs270635	2	1	0,1
1	636	rs270636	2	1	0,1
1	637	rs270637	2	1	0,1
1	638	rs270638	2	1	0,1
1	639	rs270639	2	1	0,1
1	640	rs270640	2	1	0,1
1	641	rs270641	2	1	0,1
1	642	rs270642	2	1	0,1
1	643	rs270643	2	1	0,1
1	644	rs270644	2	1	0,1
1	645	rs270645	2	1	0,1
1	646	rs270646	2	1	0,1
1	647	rs270647	2	1	0,1
1	648	rs270648	2	1	0,1
1	649	rs270649	2	1	0,1
1	650	rs270650	2	1	0,1
1	651	rs270651	2	1	0,1
1	652	rs270652	2	1	0,1
1	653	rs270653	2	1	0,1
1	654	rs270654	2	1	0,1
1	655	rs270655	2	1	0,1
1	656	rs270656	2	1	0,1
1	657	rs270657	2	1	0,1
1	658	rs270658	2	1	0,1
1	659	rs270659	2	1	0,1
1	660	rs270660	2	1	0,1
1	661	rs270661	2	1	0,1
1	662	rs270662	2	1	0,1
1	663	rs270663	2	1	0,1
1	664	rs270664	2	1	0,1
1	665	rs270665	2	1	0,1
1	666	rs270666	2	1	0,1
1	667	rs270667	2	1	0,1
1	668	rs270668	2	1	0,1
1	669	rs270669	2	1	0,1
1	670	rs270670	2	1	0,1
1	671	rs270671	2	1	0,1
1	672	rs270672	2	1	0,1
1	673	rs270673	2	1	0,1
1	674	rs270674	2	1	0,1
1	675	rs270675	2	1	0,1
1	676	rs270676	2	1	0,1
1	677	rs270677	2	1	0,1
1	678	rs270678	2	1	0,1
1	679	rs270679	2	1	0,1
1	680	rs270680	2	1	0,1
1	681	rs270681	2	1	0,1
1	682	rs270682	2	1	0,1
1	683	rs270683	2	1	0,1
1	684	rs270684	2	1	0,1
1	685	rs270685	2	1	0,1
1	686	rs270686	2	1	0,1
1	687	rs270687	2	1	0,1
1	688	rs270688	2	1	0,1
1	689	rs270689	2	1	0,1
1	690	rs270690	2	1	0,1
1	691	rs270691	2	1	0,1
1	692	rs270692	2	1	0,1
1	693	rs270693	2	1	0,1
1	694	rs270694	2	1	0,1
1	695	rs270695	2	1	0,1
1	696	rs270696	2	1	0,1
1	697	rs270697	2	1	0,1
1	698	rs270698	2	1	0,1
1	699	rs270699	2	1	0,1
1	700	rs270700	2	1	0,1
1	701	rs270701	2	1	0,1
1	702	rs270702	2	1	0,1
1	703	rs270703	2	1	0,1
1	704	rs270704	2	1	0,1
1	705	rs270705	2	1	0,1
1	706	rs270706	2	1	0,1
1	707	rs270707	2	1	0,1
1	708	rs270708	2	1	0,1
1	709	rs270709	2	1	0,1
1	710	rs270710	2	1	0,1
1	711	rs270711	2	1	0,1
1	712	rs270712	2	1	0,1
1	713	rs270713	2	1	0,1
1	714	rs270714	2	1	0,1
1	715	rs270715	2	1	0,1
1	716	rs270716	2	1	0,1
1	717	rs270717	2	1	0,1
1	718	rs270718	2	1	0,1
1	719	rs270719	2	1	0,1
1	720	rs270720	2	1	0,1
1	721	rs270721	2	1	0,1
1	722	rs270722	2	1	0,1
1	723	rs270723	2	1	0,1
1	724	rs270724	2	1	0,1
1	725	rs270725	2	1	0,1
1	726	rs270726	2	1	0,1
1	727	rs270727	2	1	0,1
1	728	rs270728	2	1	0,1
1	729	rs270729	2	1	0,1
1	730	rs270730	2	1	0,1
1	731	rs270731	2	1	0,1
1	732	rs270732	2	1	0,1
1	733	rs270733	2	1	0,1
1	734	rs270734	2	1	0,1
1	735	rs270735	2	1	0,1
1	736	rs270736	2	1	0,1
1	737	rs270737	2	1	0,1
1	738	rs270738	2	1	0,1
1	739	rs270739	2	1	0,1
1	740	rs270740	2	1	0,1
1	741	rs270741	2	1	0,1
1	742	rs270742	2	1	0,1
1	743	rs270743	2	1	0,1
1	744	rs270744	2	1	0,1
1	745	rs270745	2	1	0,1
1	746	rs270746	2	1	0,1
1	747	rs270747	2	1	0,1
1	748	rs270748	2	1	0,1
1	749	rs270749	2	1	0,1
1	750	rs270750	2	1	0,1
1	751	rs270751	2	1	0,1
1	752	rs270752	2	1	0,1
1	753	rs270753	2	1	0,1
1	754	rs270754	2	1	0,1
1	755	rs270755	2	1	0,1
1	756	rs270756	2	1	0,1
1	757	rs270757	2	1	0,1
1	758	rs270758	2	1	0,1
1	759	rs270759	2	1	0,1
1	760	rs270760	2	1	0,1
1	761	rs270761	2	1	0,1
1	762	rs270762	2	1	0,1
1	763	rs270763	2	1	0,1
1	764	rs270764	2	1	0,1
1	765	rs270765	2	1	0,1
1	766	rs270766	2	1	0,1
1	767	rs270767	2	1	0,1
1	768	rs270768	2	1	0,1
1	769	rs270769	2	1	0,1
1	770	rs270770	2	1	0,1
1	771	rs270771	2	1	0,1
1	772	rs270772	2	1	0,1
1	773	rs270773	2	1	0,1
1	774	rs270774	2	1	0,1
1	775	rs270775	2	1	0,1
1	776	rs270776	2	1	0,1
1	777	rs270777	2	1	0,1
1	778	rs270778	2	1	0,1
1	779	rs270779	2	1	0,1
1	780	rs270780	2	1	0,1
1	781	rs270781	2	1	0,1
1	782	rs270782	2	1	0,1
1	783	rs270783	2	1	0,1
1	784	rs270784	2	1	0,1
1	785	rs270785	2	1	0,1
1	786	rs270786	2	1	0,1
1	787	rs270787	2	1	0,1
1	788	rs270788	2	1	0,1
1	789	rs270789	2	1	0,1
1	790	rs270790	2	1	0,1
1	791	rs270791	2	1	0,1
1	792	rs270792	2	1	0,1
1	793	rs270793	2	1	0,1
1	794	rs270794	2	1	0,1
1	795	rs270795	2	1	0,1
1	796	rs270796	2	1	0,1
1	797	rs270797	2	1	0,1
1	798	rs270798	2	1	0,1
1	799	rs270799	2	1	0,1
1	800	rs270800	2	1	0,1
1	801	rs270801	2	1	0,1
1	802	rs270802	2	1	0,1
1	803	rs270803	2	1	0,1
1	804	rs270804	2	1	0,1
1	805	rs270805	2	1	0,1
1	806	rs270806	2	1	0,1
1	807	rs270807	2	1	0,1
1	808	rs270808	2	1	0,1
1	809	rs270809	2	1	0,1
1	810	rs270810	2	1	0,1
1	811	rs270811	2	1	0,1
1	812	rs270812	2	1	0,1
1	813	rs270813	2	1	0,1
1	814	rs270814	2	1	0,1
1	815	rs270815	2	1	0,1
1	816	rs270816	2	1	0,1
1	817	rs270817	2	1	0,1
1	818	rs270818	2	1	0,1
1	819	rs270819	2	1	0,1
1	820	rs270820	2	1	0,1
1	821	rs270821	2	1	0,1
1	822	rs270822	2	1	0,1
1	823	rs270823	2	1	0,1
1	824	rs270824	2	1	0,1
1	825	rs270825	2	1	0,1
1	826	rs270826	2	1	0,1
1	827	rs270827	2	1	0,1
1	828	rs270828	2	1	0,1
1	829	rs270829	2	1	0,1
1	830	rs270830	2	1	0,1
1	831	rs270831	2	1	0,1
1	832	rs270832	2	1	0,1
1	833	rs270833	2	1	0,1
1	834	rs270834	2	1	0,1
1	835	rs270835	2	1	0,1
1	836	rs270836	2	1	0,1
1	837	rs270837	2	1	0,1
1	838	rs270838	2	1	0,1
1	839	rs270839	2	1	0,1
1	840	rs270840	2	1	0,1
1	841	rs270841	2	1	0,1
1	842	rs270842	2	1	0,1
1	843	rs270843	2	1	0,1
1	844	rs270844	2	1	0,1
1	845	rs270845	2	1	0,1
1	846	rs270846	2	1	0,1
1	847	rs270847	2	1	0,1
1	848	rs270848	2	1	0,1
1	849	rs270849	2	1	0,1
1	850	rs270850	2	1	0,1
1	851	rs270851	2	1	0,1
1	852	rs270852	2	1	0,1
1	853	rs270853	2	1	0,1
1	854	rs270854	2	1	0,1
1	855	rs270855	2	1	0,1
1	856	rs270856	2	1	0,1
1	857	rs270857	2	1	0,1
1	858	rs270858	2	1	0,1
1	859	rs270859	2	1	0,1
1	860	rs270860	2	1	0,1
1	861	rs270861	2	1	0,1
1	862	rs270862	2	1	0,1
1	863	rs270863	2	1	0,1
1	864	rs270864	2	1	0,1
1	865	rs270865	2	1	0,1
1	866	rs270866	2	1	0,1
1	867	rs270867	2	1	0,1
1	868	rs270868	2	1	0,1
1	869	rs270869	2	1	0,1
1	870	rs270870	2	1	0,1
1	871	rs270871	2	1	0,1
1	872	rs270872	2	1	0,1
1	873	rs270873	2	1	0,1
1	874	rs270874	2	1	0,1
1	875	rs270875	2	1	0,1
1	876	rs270876	2	1	0,1
1	877	rs270877	2	1	0,1
1	878	rs270878	2	1	0,1
1	879	rs270879	2	1	0,1
1	880	rs270880	2	1	0,1
1	881	rs270881	2	1	0,1
1	882	rs270882	2	1	0,1
1	883	rs270883	2	1	0,1
1	884	rs270884	2	1	0,1
1	885	rs270885	2	1	0,1
1	886	rs270886	2	1	0,1
1	887	rs270887	2	1	0,1
1	888	rs270888	2	1	0,1
1	889	rs270889	2	1	0,1
1	890	rs270890	2	1	0,1
1	891	rs270891	2	1	0,1
1	892	rs270892	2	1	0,1
1	893	rs270893	2	1	0,1
1	894	rs270894	2	1	0,1
1	895	rs270895	2	1	0,1
1	896	rs270896	2	1	0,1
1	897	rs270897	2	1	0,1
1	898	rs270898	2	1	0,1
1	899	rs270899	2	1	0,1
1	900	rs270900	2	1	0,1
1	901	rs270901	2	1	0,1
1	902	rs270902	2	1	0,1
1	903	rs270903	2	1	0,1
1	904	rs270904	2	1	0,1
1	905	rs270905	2	1	0,1
1	906	rs270906	2	1	0,1
1	907	rs270907	2	1	0,1
1	908	rs270908	2	1	0,1
1	909	rs270909	2	1	0,1
1	910	rs270910	2	1	0,1
1	911	rs270911	2	1	0,1
1	912	rs270912	2	1	0,1
1	913	rs270913	2	1	0,1
1	914	rs270914	2	1	0,1
1	915	rs270915	2	1	0,1
1	916	rs270916	2	1	0,1
1	917	rs270917	2	1	0,1
1	918	rs270918	2	1	0,1
1	919	rs270919	2	1	0,1
1	920	rs270920	2	1	0,1
1	921	rs270921	2	1	0,1
1	922	rs270922	2	1	0,1
1	923	rs270923	2	1	0,1
1	924	rs270924	2	1	0,1
1	925	rs270925	2	1	0,1
1	926	rs270926	2	1	0,1
1	927	rs270927	2	1	0,1
1	928	rs270928	2	1	0,1
1	929	rs270929	2	1	0,1
1	930	rs270930	2	1	0,1
1	931	rs270931	2	1	0,1
1	932	rs270932	2	1	0,1
1	933	rs270933	2	1	0,1
1	934	rs270934	2	1	0,1
1	935	rs270935	2	1	0,1
1	936	rs270936	2	1	0,1
1	937	rs270937	2	1	0,1
1	938	rs270938	2	1	0,1
1	939	rs270939	2	1	0,1
1	940	rs270940	2	1	0,1
1	941	rs270941	2	1	0,1
1	942	rs270942	2	1	0,1
1	943	rs270943	2	1	0,1
1	944	rs270944	2	1	0,1
1	945	rs270945	2	1	0,1
1	946	rs270946	2	1	0,1
1	947	rs270947	2	1	0,1
1	948	rs270948	2	1	0,1
1	949	rs270949	2	1	0,1
1	950	rs270950	2	1	0,1
1	951	rs270951	2	1	0,1
1	952	rs270952	2	1	0,1
1	953	rs270953	2	1	0,1
1	954	rs270954	2	1	0,1
1	955	rs270955	2	1	0,1
1	956	rs270956	2	1	0,1
1	957	rs270957	2	1	0,1
1	958	rs270958	2	1	0,1
1	959	rs270959	2	1	0,1
1	960	rs270960	2	1	0,1
1	961	rs270961	2	1	0,1
1	962	rs270962	2	1	0,1
1	963	rs270963	2	1	0,1
1	964	rs270964	2	1	0,1
1	965	rs270965	2	1	0,1
1	966	rs270966	2	1	0,1
1	967	rs270967	2	1	0,1
1	968	rs270968	2	1	0,1
1	969	rs270969	2	1	0,1
1	970	rs270970	2	1	0,1
1	971	rs270971	2	1	0,1
1	972	rs270972	2	1	0,1
1	973	rs270973	2	1	0,1
1	974	rs270974	2	1	0,1
1	975	rs270975	2	1	0,1
1	976	rs270976	2	1	0,1
1	977	rs270977	2	1	0,1
1	978	rs270978	2	1	0,1
1	979	rs270979	2	1	0,1
1	980	rs270980	2	1	0,1
1	981	rs270981	2	1	0,1
1	982	rs270982	2	1	0,1
1	983	rs270983	2	1	0,1
1	984	rs270984	2	1	0,1
1	985	rs270985	2	1	0,1
1	986	rs270986	2	1	0,1
1	987	rs270987	2	1	0,1
1	988	rs270988	2	1	0,1
1	989	rs270989	2	1	0,1
1	990	rs270990	2	1	0,1
1	991	rs270991	2	1	0,1
1	992	rs270992	2	1	0,1
1	993	rs270993	2	1	0,1
1	994	rs270994	2	1	0,1
1	995	rs270995	2	1	0,1
1	996	rs270996	2	1	0,1
1	997	rs270997	2	1	0,1
1	998	rs270998	2	1	0,1
1	999	rs270999	2	1	0,1
1	1000	rs271000	2	1	0,1
1	1001	rs271001	2	1	0,1
1	1002	rs271002	2	1	0,1
1	1003	rs271003	2	1	0,1
1	1004	rs271004	2	1	0,1
1	1005	rs271005	2	1	0,1
1	1006	rs271006	2	1	0,1
1	1007	rs271007	2	1	0,1
1	1008	rs271008	2	1	0,1
1	1009	rs271009	2	1	0,1
1	1010	rs271010	2	1	0,1
1	1011	rs271011	2	1	0,1
1	1012	rs271012	2	1	0,1
1	1013	rs271013	2	1	0,1
1	1014	rs271014	2	1	0,1
1	1015	rs271015	2	1	0,1
1	1016	rs271016	2	1	0,1
1	1017	rs271017	2	1	0,1
1	1018	rs271018	2	1	0,1
1	1019	rs271019	2	1	0,1
1	1020	rs271020	2	1	0,1
1	1021	rs271021	2	1	0,1
1	1022	rs271022	2	1	0,1
1	1023	rs271023	2	1	0,1
1	1024	rs271024	2	1	0,1
1	1025	rs271025	2	1	0,1
1	1026	rs271026	2	1	0,1
1	1027	rs271027	2	1	0,1
1	1028	rs271028	2	1	0,1
1	1029	rs271029	2	1	0,1
1	1030	rs271030	2	1	0,1
1	1031	rs271031	2	1	0,1
1	1032	rs271032	2	1	0,1
1	1033	rs271033	2	1	0,1
1	1034	rs271034	2	1	0,1
1	1035	rs271035	2	1	0,1
1	1036	rs271036	2	1	0,1
1	1037	rs271037	2	1	0,1
1	1038	rs271038	2	1	0,1
1	1039	rs271039	2	1	0,1
1	1040	rs271040	2	1	0,1
1	1041	rs271041	2	1	0,1
1	1042	rs271042	2	1	0,1
1	1043	rs271043	2	1	0,1
1	1044	rs271044	2	1	0,1
1	1045	rs271045	2	1	0,1
1	1046	rs271046	2	1	0,1
1	1047	rs271047	2	1	0,1
1	1048	rs271048	2	1	0,1
1	1049	rs271049	2	1	0,1
1	1050	rs271050	2	1	0,1
1	1051	rs271051	2	1	0,1
1	1052	rs271052	2	1	0,1
1	1053	rs271053	2	1	0,1
1	1054	rs271054	2	1	0,1
1	1055	rs271055	2	1	0,1
1	1056	rs271056	2	1	0,1
1	1057	rs271057	2	1	0,1
1	1058	rs271058	2	1	0,1
1	1059	rs271059	2	1	0,1
1	1060	rs271060	2	1	0,1
1	1061	rs271061	2	1	0,1
1	1062	rs271062	2	1	0,1
1	1063	rs271063	2	1	0,1
1	1064	rs271064	2	1	0,1
1	1065	rs271065	2	1	0,1
1	1066	rs271066	2	1	0,1
1	1067	rs271067	2	1	0,1
1	1068	rs271068	2	1	0,1
1	1069	rs271069	2	1	0,1
1	1070	rs271070	2	1	0,1
1	1071	rs271071	2	1	0,1
1	1072	rs271072	2	1	0,1
1	1073	rs271073	2	1	0,1
1	1074	rs271074	2	1	0,1
1	1075	rs271075	2	1	0,1
1	1076	rs271076	2	1	0,1
1	1077	rs271077	2	1	0,1
1	1078	rs271078	2	1	0,1
1	1079	rs271079	2	1	0,1
1	1080	rs271080	2	1	0,1
1	1081	rs271081	2	1	0,1
1	1082	rs271082	2	1	0,1
1	1083	rs271083	2	1	0,1
1	1084	rs271084	2	1	0,1
1	1085	rs271085	2	1	0,1
1	1086	rs271086	2	1	0,1
1	1087	rs271087	2	1	0,1
1	1088	rs271088	2	1	0,1
1	1089	rs271089	2	1	0,1
1	1090	rs271090	2	1	0,1
1	1091	rs271091	2	1	0,1
1	1092	rs271092	2	1	0,1
1	1093	rs271093	2	1	0,1
1	1094	rs271094	2	1	0,1
1	1095	rs271095	2	1	0,1
1	1096	rs271096	2	1	0,1
1	1097	rs271097	2	1	0,1
1	1098	rs271098	2	1	0,1
1	1099	rs271099	2	1	0,1
1	1100	rs271100	2	1	0,1
1	1101	rs271101	2	1	0,1
1	1102	rs271102	2	1	0,1
1	1103	rs271103	2	1	0,1
1	1104	rs271104	2	1	0,1
1	1105	rs271105	2	1	0,1
1	1106	rs271106	2	1	0,1
1	1107	rs271107	2	1	0,1
1	1108	rs271108	2	1	0,1
1	1109	rs271109	2	1	0,1
1	1110	rs271110	2	1	0,1
1	1111	rs271111	2	1	0,1
1	1112	rs271112	2	1	0,1
1	1113	rs271113	2	1	0,1
1	1114	rs271114	2	1	0,1
1	1115	rs271115	2	1	0,1
1	1116	rs271116	2	1	0,1
1	1117	rs271117	2	1	0,1
1	1118	rs271118	2	1	0,1
1	1119	rs271119	2	1	0,1
1	1120	rs271120	2	1	0,1
1	1121	rs271121	2	1	0,1
1	1122	rs271122	2	1	0,1
1	1123	rs271123	2	1	0,1
1	1124	rs271124	2	1	0,1
1	1125	rs271125	2	1	0,1
1	1126	rs271126	2	1	0,1
1	1127	rs271127	2	1	0,1
1	1128	rs271128	2	1	0,1
1	1129	rs271129	2	1	0,1
1	1130	rs271130	2	1	0,1
1	1131	rs271131	2	1	0,1
1	1132	rs271132	2	1	0,1
1	1133	rs271133	2	1	0,1
1	1134	rs271134	2	1	0,1
1	1135	rs271135	2	1	0,1
1	1136	rs271136	2	1	0,1
1	1137	rs271137	2	1	0,1
1	1138	rs271138	2	1	0,1
1	1139	rs271139	2	1	0,1
1	1140	rs271140	2	1	0,1
1	1141	rs271141	2	1	0,1
1	1142	rs271142	2	1	0,1
1	1143	rs271143	2	1	0,1
1	1144	rs271144	2	1	0,1
1	1145	rs271145	2	1	0,1
1	1146	rs271146	2	1	0,1
1	1147	rs271147	2	1	0,1
1	1148	rs271148	2	1	0,1
1	1149	rs271149	2	1	0,1
1	1150	rs271150	2	1	0,1
1	1151	rs271151	2	1	0,1
1	1152	rs271152	2	1	0,1
1	1153	rs271153	2	1	0,1
1	1154	rs271154	2	1	0,1
1	1155	rs271155	2	1	0,1
1	1156	rs271156	2	1	0,1
1	1157	rs271157	2	1	0,1
1	1158	rs271158	2	1	0,1
1	1159	rs271159	2	1	0,1
1	1160	rs271160	2	1	0,1
1	1161	rs271161	2	1	0,1
1	1162	rs271162	2	1	0,1
1	1163	rs271163	2	1	0,1
1	1164	rs271164	2	1	0,1
1	1165	rs271165	2	1	0,1
1	1166	rs271166	2	1	0,1
1	1167	rs271167	2	1	0,1
1	1168	rs271168	2	1	0,1
1	1169	rs271169	2	1	0,1
1	1170	rs271170	2	1	0,1
1	1171	rs271171	2	1	0,1
1	1172	rs271172	2	1	0,1
1	1173	rs271173	2	1	0,1
1	1174	rs271174	2	1	0,1
1	1175	rs271175	2	1	0,1
1	1176	rs271176	2	1	0,1
1	1177	rs271177	2	1	0,1
1	1178	rs271178	2	1	0,1
1	1179	rs271179	2	1	0,1
1	1180	rs271180	2	1	0,1
1	1181	rs271181	2	1	0,1
1	1182	rs271182	2	1	0,1
1	1183	rs271183	2	1	0,1
1	1184	rs271184	2	1	0,1
1	1185	rs271185	2	1	0,1
1	1186	rs271186	2	1	0,1
1	1187	rs271187	2	1	0,1
1	1188	rs271188	2	1	0,1
1	1189	rs271189	2	1	0,1
1	1190	rs271190	2	1	0,1
1	1191	rs271191	2	1	0,1
1	1192	rs271192	2	1	0,1
1	1193	rs271193	2	1	0,1
1	1194	rs271194	2	1	0,1
1	1195	rs271195	2	1	0,1
1	1196	rs271196	2	1	0,1
1	1197	rs271197	2	1	0,1
1	1198	rs271198	2	1	0,1
1	1199	rs271199	2	1	0,1
1	1200	rs271200	2	1	0,1
1	1201	rs271201	2	1	0,1
1	1202	rs271202	2	1	0,1
1	1203	rs271203	2	1	0,1
1	1204	rs271204	2	1	0,1
1	1205	rs271205	2	1	0,1
1	1206	rs271206	2	1	0,1
1	1207	rs271207	2	1	0,1
1	1208	rs271208	2	1	0,1
1	1209	rs271209	2	1	0,1
1	1210	rs271210	2	1	0,1
1	1211	rs271211	2	1	0,1
1	1212	rs271212	2	1	0,1
1	1213	rs271213	2	1	0,1
1	1214	rs271214	2	1	0,1
1	1215	rs271215	2	1	0,1
1	1216	rs271216	2	1	0,1
1	1217	rs271217	2	1	0,1
1	1218	rs271218	2	1	0,1
1	1219	rs271219	2	1	0,1
1	1220	rs271220	2	1	0,1
1	1221	rs271221	2	1	0,1
1	1222	rs271222	2	1	0,1
1	1223	rs271223	2	1	0,1
1	1224	rs271224	2	1	0,1
1	1225	rs271225	2	1	0,1
1	1226	rs271226	2	1	0,1
1	1227	rs271227	2	1	0,1
1	1228	rs271228	2	1	0,1
1	1229	rs271229	2	1	0,1
1	1230	rs271230	2	1	0,1
1	1231	rs271231	2	1	0,1
1	1232	rs271232	2	1	0,1
1	1233	rs271233	2	1	0,1
1	1234	rs271234	2	1	0,1
1	1235	rs271235	2	1	0,1
1	1236	rs271236	2	1	0,1
1	1237	rs271237	2	1	0,1
1	1238	rs271238	2	1	0,1
1	1239	rs271239	2	1	0,1
1	1240	rs271240	2	1	0,1
1	1241	rs271241	2	1	0,1
1	1242	rs271242	2	1	0,1
1	1243	rs271243	2	1	0,1
1	1244	rs271244	2	1	0,1
1	1245	rs271245	2	1	0,1
1	1246	rs271246	2	1	0,1
1	1247	rs271247	2	1	0,1
1	1248	rs271248	2	1	0,1
1	1249	rs271249	2	1	0,1
1	1250	rs271250	2	1	0,1
1	1251	rs271251	2	1	0,1
1	1252	rs271252	2	1	0,1
1	1253	rs271253	2	1	0,1
1	1254	rs271254	2	1	0,1
1	1255	rs271255	2	1	0,1
1	1256	rs271256	2	1	0,1
1	1257	rs271257	2	1	0,1
1	1258	rs271258	2	1	0,1
1	1259	rs271259	2	1	0,1
1	1260	rs271260	2	1	0,1
1	1261	rs271261	2	1	0,1
1	1262	rs271262	2	1	0,1
1	1263	rs271263	2	1	0,1
1	1264	rs271264	2	1	0,1
1	1265	rs271265	2	1	0,1
1	1266	rs271266	2	1	0,1
1	1267	rs271267	2	1	0,1
1	1268	rs271268	2	1	0,1
1	1269	rs271269	2	1	0,1
1	1270	rs271270	2	1	0,1
1	1271	rs271271	2	1	0,1
1	1272	rs271272	2	1	0,1
1	1273	rs271273	2	1	0,1
1	1274	rs271274	2	1	0,1
1	1275	rs271275	2	1	0,1
1	1276	rs271276	2	1	0,1
1	1277	rs271277	2	1	0,1
1	1278	rs271278	2	1	0,1
1	1279	rs271279	2	1	0,1
1	1280	rs271280	2	1	0,1
1	1281	rs271281	2	1	0,1
1	1282	rs271282	2	1	0,1
1	1283	rs271283	2	1	0,1
1	1284	rs271284	2	1	0,1
1	1285	rs271285	2	1	0,1
1	1286	rs271286	2	1	0,1
1	1287	rs271287	2	1	0,1
1	1288	rs271288	2	1	0,1
1	1289	rs271289	2	1	0,1
1	1290	rs271290	2	1	0,1
1	1291	rs271291	2	1	0,1
1	1292	rs271292	2	1	0,1
1	1293	rs271293	2	1	0,1
1	1294	rs271294	2	1	0,1
1	1295	rs271295	2	1	0,1
1	1296	rs271296	2	1	0,1
1	1297	rs271297	2	1	0,1
1	1298	rs271298	2	1	0,1
1	1299	rs271299	2	1	0,1
1	1300	rs271300	2	1	0,1
1	1301	rs271301	2	1	0,1
1	1302	rs271302	2	1	0,1
1	1303	rs271303	2	1	0,1
1	1304	rs271304	2	1	0,1
1	1305	rs271305	2	1	0,1
1	1306	rs271306	2	1	0,1
1	1307	rs271307	2	1	0,1
1	1308	rs271308	2	1	0,1
1	1309	rs271309	2	1	0,1
1	1310	rs271310	2	1	0,1
1	1311	rs271311	2	1	0,1
1	1312	rs271312	2	1	0,1
1	1313	rs271313	2	1	0,1
1	1314	rs271314	2	1	0,1
1	1315	rs271315	2	1	0,1
1	1316	rs271316	2	1	0,1
1	1317	rs271317	2	1	0,1
1	1318	rs271318	2	1	0,1
1	1319	rs271319	2	1	0,1
1	1320	rs271320	2	1	0,1
1	1321	rs271321	2	1	0,1
1	1322	rs271322	2	1	0,1
1	1323	rs271323	2	1	0,1
1	1324	rs271324	2	1	0,1
1	1325	rs271325	2	1	0,1
1	1326	rs271326	2	1	0,1
1	1327	rs271327	2	1	0,1
1	1328	rs271328	2	1	0,1
1	1329	rs271329	2	1	0,1
1	1330	rs271330	2	1	0,1
1	1331	rs271331	2	1	0,1
1	1332	rs271332	2	1	0,1
1	1333	rs271333	2	1	0,1
1	1334	rs271334	2	1	0,1
1	1335	rs271335	2	1	0,1
1	1336	rs271336	2	1	0,1
1	1337	rs271337	2	1	0,1
1	1338	rs271338	2	1	0,1
1	1339	rs271339	2	1	0,1
1	1340	rs271340	2	1	0,1
1	1341	rs271341	2	1	0,1
1	1342	rs271342	2	1	0,1
1	1343	rs271343	2	1	0,1
1	1344	rs271344	2	1	0,1
1	1345	rs271345	2	1	0,1
1	1346	rs271346	2	1	0,1
1	1347	rs271347	2	1	0,1
1	1348	rs271348	2	1	0,1
1	1349	rs271349	2	1	0,1
1	1350	rs271350	2	1	0,1
1	1351	rs271351	2	1	0,1
1	1352	rs271352	2	1	0,1
1	1353	rs271353	2	1	0,1
1	1354	rs271354	2	1	0,1
1	1355	rs271355	2	1	0,1
1	1356	rs271356	2	1	0,1
1	1357	rs271357	2	1	0,1
1	1358	rs271358	2	1	0,1
1	1359	rs271359	2	1	0,1
1	1360	rs271360	2	1	0,1
1	1361	rs271361	2	1	0,1
1	1362	rs271362	2	1	0,1
1	1363	rs271363	2	1	0,1
1	1364	rs271364	2	1	0,1
1	1365	rs271365	2	1	0,1
1	1366	rs271366	2	1	0,1
1	1367	rs271367	2	1	0,1
1	1368	rs271368	2	1	0,1
1	1369	rs271369	2	1	0,1
1	1370	rs271370	2	1	0,1
1	1371	rs271371	2	1	0,1
1	1372	rs271372	2	1	0,1
1	1373	rs271373	2	1	0,1
1	1374	rs271374	2	1	0,1
1	1375	rs271375	2	1	0,1
1	1376	rs271376	2	1	0,1
1	1377	rs271377	2	1	0,1
1	1378	rs271378	2	1	0,1
1	1379	rs271379	2	1	0,1
1	1380	rs271380	2	1	0,1
1	1381	rs271381	2	1	0,1
1	1382	rs271382	2	1	0,1
1	1383	rs271383	2	1	0,1
1	1384	rs271384	2	1	0,1
1	1385	rs271385	2	1	0,1
1	1386	rs271386	2	1	0,1
1	1387	rs271387	2	1	0,1
1	1388	rs271388	2	1	0,1
1	1389	rs271389	2	1	0,1
1	1390	rs271390	2	1	0,1
1	1391	rs271391	2	1	0,1
1	1392	rs271392	2	1	0,1
1	1393	rs271393	2	1	0,1
1	1394	rs271394	2	1	0,1
1	1395	rs271395	2	1	0,1
1	1396	rs271396	2	1	0,1
1	1397	rs271397	2	1	0,1
1	1398	rs271398	2	1	0,1
1	1399	rs271399	2	1	0,1
1	1400	rs271400	2	1	0,1
1	1401	rs271401	2	1	0,1
1	1402	rs271402	2	1	0,1
1	1403	rs271403	2	1	0,1
1	1404	rs271404	2	1	0,1
1	1405	rs271405	2	1	0,1
1	1406	rs271406	2	1	0,1
1	1407	rs271407	2	1	0,1
1	1408	rs271408	2	1	0,1
1	1409	rs271409	2	1	0,1
1	1410	rs271410	2	1	0,1
1	1411	rs271411	2	1	0,1
1	1412	rs271412	2	1	0,1
1	1413	rs271413	2	1	0,1
1	1414	rs271414	2	1	0,1
1	1415	rs271415	2	1	0,1
1	1416	rs271416	2	1	0,1
1	1417	rs271417	2	1	0,1
1	1418	rs271418	2	1	0,1
1	1419	rs271419	2	1	0,1
1	1420	rs271420	2	1	0,1
1	1421	rs271421	2	1	0,1
1	1422	rs271422	2	1	0,1
1	1423	rs271423	2	1	0,1
1	1424	rs271424	2	1	0,1
1	1425	rs271425	2	1	0,1
1	1426	rs271426	2	1	0,1
1	1427	rs271427	2	1	0,1
1	1428	rs271428	2	1	0,1
1	1429	rs271429	2	1	0,1
1	1430	rs271430	2	1	0,1
1	1431	rs271431	2	1	0,1
1	1432	rs271432	2	1	0,1
1	1433	rs271433	2	1	0,1
1	1434	rs271434	2	1	0,1
1	1435	rs271435	2	1	0,1
1	1436	rs271436	2	1	0,1
1	1437	rs271437	2	1	0,1
1	1438	rs271438	2	1	0,1
1	1439	rs271439	2	1	0,1
1	1440	rs271440	2	1	0,1
1	1441	rs271441	2	1	0,1
1	1442	rs271442	2	1	0,1
1	1443	rs271443	2	1	0,1
1	1444	rs271444	2	1	0,1
1	1445	rs271445	2	1	0,1
1	1446	rs271446	2	1	0,1
1	1447	rs271447	2	1	0,1
1	1448	rs271448	2	1	0,1
1	1449	rs271449	2	1	0,1
1	1450	rs271450	2	1	0,1
1	1451	rs271451	2	1	0,1
1	1452	rs271452	2	1	0,1
1	1453	rs271453	2	1	0,1
1	1454	rs271454	2	1	0,1
1	1455	rs271455	2	1	0,1
1	1456	rs271456	2	1	0,1
1	1457	rs271457	2	1	0,1
1	1458	rs271458	2	1	0,1
1	1459	rs271459	2	1	0,1
1	1460	rs271460	2	1	0,1
1	1461	rs271461	2	1	0,1
1	1462	rs271462	2	1	0,1
1	1463	rs271463	2	1	0,1
1	1464	rs271464	2	1	0,1
1	1465	rs271465	2	1	0,1
1	1466	rs271466	2	1	0,1
1	1467	rs271467	2	1	0,1
1	1468	rs271468	2	1	0,1
1	1469	rs271469	2	1	0,1
1	1470	rs271470	2	1	0,1
1	1471	rs271471	2	1	0,1
1	1472	rs271472	2	1	0,1
1	1473	rs271473	2	1	0,1
1	1474	rs271474	2	1	0,1
1	1475	rs271475	2	1	0,1
1	1476	rs271476	2	1	0,1
1	1477	rs271477	2	1	0,1
1	1478	rs271478	2	1	0,1
1	1479	rs271479	2	1	0,1
1	1480	rs271480	2	1	0,1
1	1481	rs271481	2	1	0,1
1	1482	rs271482	2	1	0,1
1	1483	rs271483	2	1	0,1
1	1484	rs271484	2	1	0,1
1	1485	rs271485	2	1	0,1
1	1486	rs271486	2	1	0,1
1	1487	rs271487	2	1	0,1
1	1488	rs271488	2	1	0,1
1	1489	rs271489	2	1	0,1
1	1490	rs271490	2	1	0,1
1	1491	rs271491	2	1	0,1
1	1492	rs271492	2	1	0,1
1	1493	rs271493	2	1	0,1
1	1494	rs271494	2	1	0,1
1	1495	rs271495	2	1	0,1
1	1496	rs271496	2	1	0,1
1	1497	rs271497	2	1	0,1
1	1498	rs271498	2	1	0,1
1	1499	rs271499	2	1	0,1
1	1500	rs271500	2	1	0,1
1	1501	rs271501	2	1	0,1
1	1502	rs271502	2	1	0,1
1	1503	rs271503	2	1	0,1
1	1504	rs271504	2	1	0,1
1	1505	rs271505	2	1	0,1
1	1506	rs271506	2	1	0,1
1	1507	rs271507	2	1	0,1
1	1508	rs271508	2	1	0,1
1	1509	rs271509	2	1	0,1
1	1510	rs271510	2	1	0,1
1	1511	rs271511	2	1	0,1
1	1512	rs271512	2	1	0,1
1	1513	rs271513	2	1	0,1
1	1514	rs271514	2	1	0,1
1	1515	rs271515	2	1	0,1
1	1516	rs271516	2	1	0,1
1	1517	rs271517	2	1	0,1
1	1518	rs271518	2	1	0,1
1	1519	rs271519	2	1	0,1
1	1520	rs271520	2	1	0,1
1	1521	rs271521	2	1	0,1
1	1522	rs271522	2	1	0,1
1	1523	rs271523	2	1	0,1
1	1524	rs271524	2	1	0,1
1	1525	rs271525	2	1	0,1
1	1526	rs271526	2	1	0,1
1	1527	rs271527	2	1	0,1
1	1528	rs271528	2	1	0,1
1	1529	rs271529	2	1	0,1
1	1530	rs271530	2	1	0,1
1	1531	rs271531	2	1	0,1
1	1532	rs271532	2	1	0,1
1	1533	rs271533	2	1	0,1
1	1534	rs271534	2	1	0,1
1	1535	rs271535	2	1	0,1
1	1536	rs271536	2	1	0,1
1	1537	rs271537	2	1	0,1
1	1538	rs271538	2	1	0,1
1	1539	rs271539	2	1	0,1
1	1540	rs271540	2	1	0,1
1	1541	rs271541	2	1	0,1
1	1542	rs271542	2	1	0,1
1	1543	rs271543	2	1	0,1
1	1544	rs271544	2	1	0,1
1	1545	rs271545	2	1	0,1
1	1546	rs271546	2	1	0,1
1	1547	rs271547	2	1	0,1
1	1548	rs271548	2	1	0,1
1	1549	rs271549	2	1	0,1
1	1550	rs271550	2	1	0,1
1	1551	rs271551	2	1	0,1
1	1552	rs271552	2	1	0,1
1	1553	rs271553	2	1	0,1
1	1554	rs271554	2	1	0,1
1	1555	rs271555	2	1	0,1
1	1556	rs271556	2	1	0,1
1	1557	rs271557	2	1	0,1
1	1558	rs271558	2	1	0,1
1	1559	rs271559	2	1	0,1
1	1560	rs271560	2	1	0,1
1	1561	rs271561	2	1	0,1
1	1562	rs271562	2	1	0,1
1	1563	rs271563	2	1	0,1
1	1564	rs271564	2	1	0,1
1	1565	rs271565	2	1	0,1
1	1566	rs271566	2	1	0,1
1	1567	rs271567	2	1	0,1
1	1568	rs271568	2	1	0,1
1	1569	rs271569	2	1	0,1
1	1570	rs271570	2	1	0,1
1	1571	rs271571	2	1	0,1
1	1572	rs271572	2	1	0,1
1	1573	rs271573	2	1	0,1
1	1574	rs271574	2	1	0,1
1	1575	rs271575	2	1	0,1
1	1576	rs271576	2	1	0,1
1	1577	rs271577	2	1	0,1
1	1578	rs271578	2	1	0,1
1	1579	rs271579	2	1	0,1
1	1580	rs271580	2	1	0,1
1	1581	rs271581	2	1	0,1
1	1582	rs271582	2	1	0,1
1	1583	rs271583	2	1	0,1
1	1584	rs271584	2	1	0,1
1	1585	rs271585	2	1	0,1
1	1586	rs271586	2	1	0,1
1	1587	rs271587	2	1	0,1
1	1588	rs271588	2	1	0,1
1	1589	rs271589	2	1	0,1
1	1590	rs271590	2	1	0,1
1	1591	rs271591	2	1	0,1
1	1592	rs271592	2	1	0,1
1	1593	rs271593	2	1	0,1
1	1594	rs271594	2	1	0,1
1	1595	rs271595	2	1	0,1
1	1596	rs271596	2	1	0,1
1	1597	rs271597	2	1	0,1
1	1598	rs271598	2	1	0,1
1	1599	rs271599	2	1	0,1
1	1600	rs271600	2	1	0,1
1	1601	rs271601	2	1	0,1
1	1602	rs271602	2	1	0,1
1	1603	rs271603	2	1	0,1
1	1604	rs271604	2	1	0,1
1	1605	rs271605	2	1	0,1
1	1606	rs271606	2	1	0,1
1	1607	rs271607	2	1	0,1
1	1608	rs271608	2	1	0,1
1	1609	rs271609	2	1	0,1
1	1610	rs271610	2	1	0,1
1	1611	rs271611	2	1	0,1
1	1612	rs271612	2	1	0,1
1	1613	rs271613	2	1	0,1
1	1614	rs271614	2	1	0,1
1	1615	rs271615	2	1	0,1
1	1616	rs271616	2	1	0,1
1	1617	rs271617	2	1	0,1
1	1618	rs271618	2	1	0,1
1	1619	rs271619	2	1	0,1
1	1620	rs271620	2	1	0,1
1	1621	rs271621	2	1	0,1
1	1622	rs271622	2	1	0,1
1	1623	rs271623	2	1	0,1
1	1624	rs271624	2	1	0,1
1	1625	rs271625	2	1	0,1
1	1626	rs271626	2	1	0,1
1	1627	rs271627	2	1	0,1
1	1628	rs271628	2	1	0,1
1	1629	rs271629	2	1	0,1
1	1630	rs271630	2	1	0,1
1	1631	rs271631	2	1	0,1
1	1632	rs271632	2	1	0,1
1	1633	rs271633	2	1	0,1
1	1634	rs271634	2	1	0,1
1	1635	rs271635	2	1	0,1
1	1636	rs271636	2	1	0,1
1	1637	rs271637	2	1	0,1
1	1638	rs271638	2	1	0,1
1	1639	rs271639	2	1	0,1
1	1640	rs271640	2	1	0,1
1	1641	rs271641	2	1	0,1
1	1642	rs271642	2	1	0,1
1	1643	rs271643	2	1	0,1
1	1644	rs271644	2	1	0,1
1	1645	rs271645	2	1	0,1
1	1646	rs271646	2	1	0,1
1	1647	rs271647	2	1	0,1
1	1648	rs271648	2	1	0,1
1	1649	rs271649	2	1	0,1
1	1650	rs271650	2	1	0,1
1	1651	rs271651	2	1	0,1
1	1652	rs271652	2	1	0,1
1	1653	rs271653	2	1	0,1
1	1654	rs271654	2	1	0,1
1	1655	rs271655	2	1	0,1
1	1656	rs271656	2	1	0,1
1	1657	rs271657	2	1	0,1
1	1658	rs271658	2	1	0,1
1	1659	rs271659	2	1	0,1
1	1660	rs271660	2	1	0,1
1	1661	rs271661	2	1	0,1
1	1662	rs271662	2	1	0,1
1	1663	rs271663	2	1	0,1
1	1664	rs271664	2	1	0,1
1	1665	rs271665	2	1	0,1
1	1666	rs271666	2	1	0,1
1	1667	rs271667	2	1	0,1
1	1668	rs271668	2	1	0,1
1	1669	rs271669	2	1	0,1
1	1670	rs271670	2	1	0,1
1	1671	rs271671	2	1	0,1
1	1672	rs271672	2	1	0,1
1	1673	rs271673	2	1	0,1
1	1674	rs271674	2	1	0,1
1	1675	rs271675	2	1	0,1
1	1676	rs271676	2	1	0,1
1	1677	rs271677	2	1	0,1
1	1678	rs271678	2	1	0,1
1	1679	rs271679	2	1	0,1
1	1680	rs271680	2	1	0,1
1	1681	rs271681	2	1	0,1
1	1682	rs271682	2	1	0,1
1	1683	rs271683	2	1	0,1
1	1684	rs271684	2	1	0,1
1	1685	rs271685	2	1	0,1
1	1686	rs271686	2	1	0,1
1	1687	rs271687	2	1	0,1
1	1688	rs271688	2	1	0,1
1	1689	rs271689	2	1	0,1
1	1690	rs271690	2	1	0,1
1	1691	rs271691	2	1	0,1
1	1692	rs271692	2	1	0,1
1	1693	rs271693	2	1	0,1
1	1694	rs271694	2	1	0,1
1	1695	rs271695	2	1	0,1
1	1696	rs271696	2	1	0,1
1	1697	rs271697	2	1	0,1
1	1698	rs271698	2	1	0,1
1	1699	rs271699	2	1	0,1
1	1700	rs271700	2	1	0,1
1	1701	rs271701	2	1	0,1
1	1702	rs271702	2	1	0,1
1	1703	rs271703	2	1	0,1
1	1704	rs271704	2	1	0,1
1	1705	rs271705	2	1	0,1
1	1706	rs271706	2	1	0,1
1	1707	rs271707	2	1	0,1
1	1708	rs271708	2	1	0,1
1	1709	rs271709	2	1	0,1
1	1710	rs271710	2	1	0,1
1	1711	rs271711	2	1	0,1
1	1712	rs271712	2	1	0,1
1	1713	rs271713	2	1	0,1
1	1714	rs271714	2	1	0,1
1	1715	rs271715	2	1	0,1
1	1716	rs271716	2	1	0,1
1	1717	rs271717	2	1	0,1
1	1718	rs271718	2	1	0,1
1	1719	rs271719	2	1	0,1
1	1720	rs271720	2	1	0,1
1	1721	rs271721	2	1	0,1
1	1722	rs271722	2	1	0,1
1	1723	rs271723	2	1	0,1
1	1724	rs271724	2	1	0,1
1	1725	rs271725	2	1	0,1
1	1726	rs271726	2	1	0,1
1	1727	rs271727	2	1	0,1
1	1728	rs271728	2	1	0,1
1	1729	rs271729	2	1	0,1
1	1730	rs271730	2	1	0,1
1	1731	rs271731	2	1	0,1
1	1732	rs271732	2	1	0,1
1	1733	rs271733	2	1	0,1
1	1734	rs271734	2	1	0,1
1	1735	rs271735	2	1	0,1
1	1736	rs271736	2	1	0,1
1	1737	rs271737	2	1	0,1
1	1738	rs271738	2	1	0,1
1	1739	rs271739	2	1	0,1
1	1740	rs271740	2	1	0,1
1	1741	rs271741	2	1	0,1
1	1742	rs271742	2	1	0,1
1	1743	rs271743	2	1	0,1
1	1744	rs271744	2	1	0,1
1	1745	rs271745	2	1	0,1
1	1746	rs271746	2	1	0,1
1	1747	rs271747	2	1	0,1
1	1748	rs271748	2	1	0,1
1	1749	rs271749	2	1	0,1
1	1750	rs271750	2	1	0,1
1	1751	rs271751	2	1	0,1
1	1752	rs271752	2	1	0,1
1	1753	rs271753	2	1	0,1
1	1754	rs271754	2	1	0,1
1	1755	rs271755	2	1	0,1
1	1756	rs271756	2	1	0,1
1	1757	rs271757	2	1	0,1
1	1758	rs271758	2	1	0,1
1	1759	rs271759	2	1	0,1
1	1760	rs271760	2	1	0,1
1	1761	rs271761	2	1	0,1
1	1762	rs271762	2	1	0,1
1	1763	rs271763	2	1	0,1
1	1764	rs271764	2	1	0,1
1	1765	rs271765	2	1	0,1
1	1766	rs271766	2	1	0,1
1	1767	rs271767	2	1	0,1
1	1768	rs271768	2	1	0,1
1	1769	rs271769	2	1	0,1
1	1770	rs271770	2	1	0,1
1	1771	rs271771	2	1	0,1
1	1772	rs271772	2	1	0,1
1	1773	rs271773	2	1	0,1
1	1774	rs271774	2	1	0,1
1	1775	rs271775	2	1	0,1
1	1776	rs271776	2	1	0,1
1	1777	rs271777	2	1	0,1
1	1778	rs271778	2	1	0,1
1	1779	rs271779	2	1	0,1
1	1780	rs271780	2	1	0,1
1	1781	rs271781	2	1	0,1
1	1782	rs271782	2	1	0,1
1	1783	rs271783	2	1	0,1
1	1784	rs271784	2	1	0,1
1	1785	rs271785	2	1	0,1
1	1786	rs271786	2	1	0,1
1	1787	rs271787	2	1	0,1
1	1788	rs271788	2	1	0,1
1	1789	rs271789	2	1	0,1
1	1790	rs271790	2	1	0,1
1	1791	rs271791	2	1	0,1
1	1792	rs271792	2	1	0,1
1	1793	rs271793	2	1	0,1
1	1794	rs271794	2	1	0,1
1	1795	rs271795	2	1	0,1
1	1796	rs271796	2	1	0,1
1	1797	rs271797	2	1	0,1
1	1798	rs271798	2	1	0,1
1	1799	rs271799	2	1	0,1
1	1800	rs271800	2	1	0,1
1	1801	rs271801	2	1	0,1
1	1802	rs271802	2	1	0,1
1	1803	rs271803	2	1	0,1
1	1804	rs271804	2	1	0,1
1	1805	rs271805	2	1	0,1
1	1806	rs271806	2	1	0,1
1	1807	rs271807	2	1	0,1
1	1808	rs271808	2	1	0,1
1	1809	rs271809	2	1	0,1
1	1810	rs271810	2	1	0,1
1	1811	rs271811	2	1	0,1
1	1812	rs271812	2	1	0,1
1	1813	rs271813	2	1	0,1
1	1814	rs271814	2	1	0,1
1	1815	rs271815	2	1	0,1
1	1816	rs271816	2	1	0,1
1	1817	rs271817	2	1	0,1
1	1818	rs271818	2	1	0,1
1	1819	rs271819	2	1	0,1
1	1820	rs271820	2	1	0,1
1	1821	rs271821	2	1	0,1
1	1822	rs271822	2	1	0,1
1	1823	rs271823	2	1	0,1
1	1824	rs271824	2	1	0,1
1	1825	rs271825	2	1	0,1
1	1826	rs271826	2	1	0,1
1	1827	rs271827	2	1	0,1
1	1828	rs271828	2	1	0,1
1	1829	rs271829	2	1	0,1
1	1830	rs271830	2	1	0,1
1	1831	rs271831	2	1	0,1
1	1832	rs271832	2	1	0,1
1	1833	rs271833	2	1	0,1
1	1834	rs271834	2	1	0,1
1	1835	rs271835	2	1	0,1
1	1836	rs271836	2	1	0,1
1	1837	rs271837	2	1	0,1
1	1838	rs271838	2	1	0,1
1	1839	rs271839	2	1	0,1
1	1840	rs271840	2	1	0,1
1	1841	rs271841	2	1	0,1
1	1842	rs271842	2	1	0,1
1	1843	rs271843	2	1	0,1
1	1844	rs271844	2	1	0,1
1	1845	rs271845	2	1	0,1
1	1846	rs271846	2	1	0,1
1	1847	rs271847	2	1	0,1
1	1848	rs271848	2	1	0,1
1	1849	rs271849	2	1	0,1
1	1850	rs271850	2	1	0,1
1	1851	rs271851	2	1	0,1
1	1852	rs271852	2	1	0,1
1	1853	rs271853	2	1	0,1
1	1854	rs271854	2	1	0,1
1	1855	rs271855	2	1	0,1
1	1856	rs271856	2	1	0,1
1	1857	rs271857	2	1	0,1
1	1858	rs271858	2	1	0,1
1	1859	rs271859	2	1	0,1
1	1860	rs271860	2	1	0,1
1	1861	rs271861	2	1	0,1
1	1862	rs271862	2	1	0,1
1	1863	rs271863	2	1	0,1
1	1864	rs271864	2	1	0,1
1	1865	rs271865	2	1	0,1
1	1866	rs271866	2	1	0,1
1	1867	rs271867	2	1	0,1
1	1868	rs271868	2	1	0,1
1	1869	rs271869	2	1	0,1
1	1870	rs271870	2	1	0,1
1	1871	rs271871	2	1	0,1
1	1872	rs271872	2	1	0,1
1	1873	rs271873	2	1	0,1
1	1874	rs271874	2	1	0,1
1	1875	rs271875	2	1	0,1
1	1876	rs271876	2	1	0,1
1	1877	rs271877	2	1	0,1
1	1878	rs271878	2	1	0,1
1	1879	rs271879	2	1	0,1
1	1880	rs271880	2	1	0,1
1	1881	rs271881	2	1	0,1
1	1882	rs271882	2	1	0,1
1	1883	rs271883	2	1	0,1
1	1884	rs271884	2	1	0,1
1	1885	rs271885	2	1	0,1
1	1886	rs271886	2	1	0,1
1	1887	rs271887	2	1	0,1
1	1888	rs271888	2	1	0,1
1	1889	rs271889	2	1	0,1
1	1890	rs271890	2	1	0,1
1	1891	rs271891	2	1	0,1
1	1892	rs271892	2	1	0,1
1	1893	rs271893	2	1	0,1
1	1894	rs271894	2	1	0,1
1	1895	rs271895	2	1	0,1
1	1896	rs271896	2	1	0,1
1	1897	rs271897	2	1	0,1
1	1898	rs271898	2	1	0,1
1	1899	rs271899	2	1	0,1
1	1900	rs271900	2	1	0,1
1	1901	rs271901	2	1	0,1
1	1902	rs271902	2	1	0,1
1	1903	rs271903	2	1	0,1
1	1904	rs271904	2	1	0,1
1	1905	rs271905	2	1	0,1
1	1906	rs271906	2	1	0,1
1	1907	rs271907	2	1	0,1
1	1908	rs271908	2	1	0,1
1	1909	rs271909	2	1	0,1
1	1910	rs271910	2	1	0,1
1	1911	rs271911	2	1	0,1
1	1912	rs271912	2	1	0,1
1	1913	rs271913	2	1	0,1
1	1914	rs271914	2	1	0,1
1	1915	rs271915	2	1	0,1
1	1916	rs271916	2	1	0,1
1	1917	rs271917	2	1	0,1
1	1918	rs271918	2	1	0,1
1	1919	rs271919	2	1	0,1
1	1920	rs271920	2	1	0,1
1	1921	rs271921	2	1	0,1
1	1922	rs271922	2	1	0,1
1	1923	rs271923	2	1	0,1
1	1924	rs271924	2	1	0,1
1	1925	rs271925	2	1	0,1
1	1926	rs271926	2	1	0,1
1	1927	rs271927	2	1	0,1
1	1928	rs271928	2	1	0,1
1	1929	rs271929	2	1	0,1
1	1930	rs271930	2	1	0,1
1	1931	rs271931	2	1	0,1
1	1932	rs271932	2	1	0,1
1	1933	rs271933	2	1	0,1
1	1934	rs271934	2	1	0,1
1	1935	rs271935	2	1	0,1
1	1936	rs271936	2	1	0,1
1	1937	rs271937	2	1	0,1
1	1938	rs271938	2	1	0,1
1	1939	rs271939	2	1	0,1
1	1940	rs271940	2	1	0,1
1	1941	rs271941	2	1	0,1
1	1942	rs271942	2	1	0,1
1	1943	rs271943	2	1	0,1
1	1944	rs271944	2	1	0,1
1	1945	rs271945	2	1	0,1
1	1946	rs271946	2	1	0,1
1	1947	rs271947	2	1	0,1
1	1948	rs271948	2	1	0,1
1	1949	rs271949	2	1	0,1
1	1950	rs271950	2	1	0,1
1	1951	rs271951	2	1	0,1
1	1952	rs271952	2	1	0,1
1	1953	rs271953	2	1	0,1
1	1954	rs271954	2	1	0,1
1	1955	rs271955	2	1	0,1
1	1956	rs271956	2	1	0,1
1	1957	rs271957	2	1	0,1
1	1958	rs271958	2	1	0,1
1	1959	rs271959	2	1	0,1
1	1960	rs271960	2	1	0,1
1	1961	rs271961	2	1	0,1
1	1962	rs271962	2	1	0,1
1	1963	rs271963	2	1	0,1
1	1964	rs271964	2	1	0,1
1	1965	rs271965	2	1	0,1
1	1966	rs271966	2	1	0,1
1	1967	rs271967	2	1	0,1
1	1968	rs271968	2	1	0,1
1	1969	rs271969	2	1	0,1
1	1970	rs271970	2	1	0,1
1	1971	rs271971	2	1	0,1
1	1972	rs271972	2	1	0,1
1	1973	rs271973	2	1	0,1
1	1974	rs271974	2	1	0,1
1	1975	rs271975	2	1	0,1
1	1976	rs271976	2	1	0,1
1	1977	rs271977	2	1	0,1
1	1978	rs271978	2	1	0,1
1	1979	rs271979	2	1	0,1
1	1980	rs271980	2	1	0,1
1	1981	rs271981	2	1	0,1
1	1982	rs271982	2	1	0,1
1	1983	rs271983	2	1	0,1
1	1984	rs271984	2	1	0,1
1	1985	rs271985	2	1	0,1
1	1986	rs271986	2	1	0,1
1	1987	rs271987	2	1	0,1
1	1988	rs271988	2	1	0,1
1	1989	rs271989	2	1	0,1
1	1990	rs271990	2	1	0,1
1	1991	rs271991	2	1	0,1
1	1992	rs271992	2	1	0,1
1	1993	rs271993	2	1	0,1
1	1994	rs271994	2	1	0,1
1	1995	rs271995	2	1	0,1
1	1996	rs271996	2	1	0,1
1	1997	rs271997	2	1	0,1
1	1998	rs271998	2	1	0,1
1	1999	rs271999	2	1	0,1
1	2000	rs272000	2	1	0,1
1	2001	rs272001	2	1	0,1
1	2002	rs272002	2	1	0,1
1	2003	rs272003	2	1	0,1
1	2004	rs272004	2	1	0,1
1	2005	rs272005	2	1	0,1
1	2006	rs272006	2	1	0,1
1	2007	rs272007	2	1	0,1
1	2008	rs272008	2	1	0,1
1	2009	rs272009	2	1	0,1
1	2010	rs272010	2	1	0,1
1	2011	rs272011	2	1	0,1
1	2012	rs272012	2	1	0,1
1	2013	rs272013	2	1	0,1
1	2014	rs272014	2	1	0,1
1	2015	rs272015	2	1	0,1
1	2016	rs272016	2	1	0,1
1	2017	rs272017	2	1	0,1
1	2018	rs272018	2	1	0,1
1	2019	rs272019	2	1	0,1
1	2020	rs272020	2	1	0,1
1	2021	rs272021	2	1	0,1
1	2022	rs272022	2	1	0,1
1	2023	rs272023	2	1	0,1
1	2024	rs272024	2	1	0,1
1	2025	rs272025	2	1	0,1
1	2026	rs272026	2	1	0,1
1	2027	rs272027	2	1	0,1
1	2028	rs272028	2	1	0,1
1	2029	rs272029	2	1	0,1
1	2030	rs272030	2	1	0,1
1	2031	rs272031	2	1	0,1
1	2032	rs272032	2	1	0,1
1	2033	rs272033	2	1	0,1
1	2034	rs272034	2	1	0,1
1	2035	rs272035	2	1	0,1
1	2036	rs272036	2	1	0,1
1	2037	rs272037	2	1	0,1
1	2038	rs272038	2	1	0,1
1	2039	rs272039	2	1	0,1
1	2040	rs272040	2	1	0,1
1	2041	rs272041	2	1	0,1
1	2042	rs272042	2	1	0,1
1	2043	rs272043	2	1	0,1
1	2044	rs272044	2	1	0,1
1	2045	rs272045	2	1	0,1
1	2046	rs272046	2	1	0,1
1	2047	rs272047	2	1	0,1
1	2048	rs272048	2	1	0,1
1	2049	rs272049	2	1	0,1
1	2050	rs272050	2	1	0,1
1	2051	rs272051	2	1	0,1
1	2052	rs272052	2	1	0,1
1	2053	rs272053	2	1	0,1
1	2054	rs272054	2	1	0,1
1	2055	rs272055	2	1	0,1
1	2056	rs272056	2	1	0,1
1	2057	rs272057	2	1	0,1
1	2058	rs272058	2	1	0,1
1	2059	rs272059	2	1	0,1
1	2060	rs272060	2	1	0,1
1	2061	rs272061	2	1	0,1
1	2062	rs272062	2	1	0,1
1	2063	rs272063	2	1	0,1
1	2064	rs272064	2	1	0,1
1	2065	rs272065	2	1	0,1
1	2066	rs272066	2	1	0,1
1	2067	rs272067	2	1	0,1
1	2068	rs272068	2	1	0,1
1	2069	rs272069	2	1	0,1
1	2070	rs272070	2	1	0,1
1	2071	rs272071	2	1	0,1
1	2072	rs272072	2	1	0,1
1	2073	rs272073	2	1	0,1
1	2074	rs272074	2	1	0,1
1	2075	rs272075	2	1	0,1
1	2076	rs272076	2	1	0,1
1	2077	rs272077	2	1	0,1
1	2078	rs272078	2	1	0,1
1	2079	rs272079	2	1	0,1
1	2080	rs272080	2	1	0,1
1	2081	rs272081	2	1	0,1
1	2082	rs272082	2	1	0,1
1	2083	rs272083	2	1	0,1
1	2084	rs272084	2	1	0,1
1	2085	rs272085	2	1	0,1
1	2086	rs272086	2	1	0,1
1	2087	rs272087	2	1	0,1
1	2088	rs272088	2	1	0,1
1	2089	rs272089	2	1	0,1
1	2090	rs272090	2	1	0,1
1	2091	rs272091	2	1	0,1
1	2092	rs272092	2	1	0,1
1	2093	rs272093	2	1	0,1
1	2094	rs272094	2	1	0,1
1	2095	rs272095	2	1	0,1
1	2096	rs272096	2	1	0,1
1	2097	rs272097	2	1	0,1
1	2098	rs272098	2	1	0,1
1	2099	rs272099	2	1	0,1
1	2100	rs272100	2	1	0,1
1	2101	rs272101	2	1	0,1
1	2102	rs272102	2	1	0,1
1	2103	rs272103	2	1	0,1
1	2104	rs272104	2	1	0,1
1	2105	rs272105	2	1	0,1
1	2106	rs272106	2	1	0,1
1	2107	rs272107	2	1	0,1
1	2108	rs272108	2	1	0,1
1	2109	rs272109	2	1	0,1
1	2110	rs272110	2	1	0,1
1	2111	rs272111	2	1	0,1
1	2112	rs272112	2	1	0,1
1	2113	rs272113	2	1	0,1
1	2114	rs272114	2	1	0,1
1	2115	rs272115	2	1	0,1
1	2116	rs272116	2	1	0,1
1	2117	rs272117	2	1	0,1
1	2118	rs272118	2	1	0,1
1	2119	rs272119	2	1	0,1
1	2120	rs272120	2	1	0,1
1	2121	rs272121	2	1	0,1
1	2122	rs272122	2	1	0,1
1	2123	rs272123	2	1	0,1
1	2124	rs272124	2	1	0,1
1	2125	rs272125	2	1	0,1
1	2126	rs272126	2	1	0,1
1	2127	rs272127	2	1	0,1
1	2128	rs272128	2	1	0,1
1	2129	rs272129	2	1	0,1
1	2130	rs272130	2	1	0,1
1	2131	rs272131	2	1	0,1
1	2132	rs272132	2	1	0,1
1	2133	rs272133	2	1	0,1
1	2134	rs272134	2	1	0,1
1	2135	rs272135	2	1	0,1
1	2136	rs272136	2	1	0,1
1	2137	rs272137	2	1	0,1
1	2138	rs272138	2	1	0,1
1	2139	rs272139	2	1	0,1
1	2140	rs272140	2	1	0,1
1	2141	rs272141	2	1	0,1
1	2142	rs272142	2	1	0,1
1	2143	rs272143	2	1	0,1
1	2144	rs272144	2	1	0,1
1	2145	rs272145	2	1	0,1
1	2146	rs272146	2	1	0,1
1	2147	rs272147	2	1	0,1
1	2148	rs272148	2	1	0,1
1	2149	rs272149	2	1	0,1
1	2150	rs272150	2	1	0,1
1	2151	rs272151	2	1	0,1
1	2152	rs272152	2	1	0,1
1	2153	rs272153	2	1	0,1
1	2154	rs272154	2	1	0,1
1	2155	rs272155	2	1	0,1
1	2156	rs272156	2	1	0,1
1	2157	rs272157	2	1	0,1
1	2158	rs272158	2	1	0,1
1	2159	rs272159	2	1	0,1
1	2160	rs272160	2	1	0,1
1	2161	rs272161	2	1	0,1
1	2162	rs272162	2	1	0,1
1	2163	rs272163	2	1	0,1
1	2164	rs272164	2	1	0,1
1	2165	rs272165	2	1	0,1
1	2166	rs272166	2	1	0,1
1	2167	rs272167	2	1	0,1
1	2168	rs272168	2	1	0,1
1	2169	rs272169	2	1	0,1
1	2170	rs272170	2	1	0,1
1	2171	rs272171	2	1	0,1
1	2172	rs272172	2	1	0,1
1	2173	rs272173	2	1	0,1
1	2174	rs272174	2	1	0,1
1	2175	rs272175	2	1	0,1
1	2176	rs272176	2	1	0,1
1	2177	rs272177	2	1	0,1
1	2178	rs272178	2	1	0,1
1	2179	rs272179	2	1	0,1
1	2180	rs272180	2	1	0,1
1	2181	rs272181	2	1	0,1
1	2182	rs272182	2	1	0,1
1	2183	rs272183	2	1	0,1
1	2184	rs272184	2	1	0,1
1	2185	rs272185	2	1	0,1
1	2186	rs272186	2	1	0,1
1	2187	rs272187	2	1	0,1
1	2188	rs272188	2	1	0,1
1	2189	rs272189	2	1	0,1
1	2190	rs272190	2	1	0,1
1	2191	rs272191	2	1	0,1
1	2192	rs272192	2	1	0,1
1	2193	rs272193	2	1	0,1
1	2194	rs272194	2	1	0,1
1	2195	rs272195	2	1	0,1
1	2196	rs272196	2	1	0,1
1	2197	rs272197	2	1	0,1
1	2198	rs272198	2	1	0,1
1	2199	rs272199	2	1	0,1
1	2200	rs272200	2	1	0,1
1	2201	rs272201	2	1	0,1
1	2202	rs272202	2	1	0,1
1	2203	rs272203	2	1	0,1
1	2204	rs272204	2	1	0,1
1	2205	rs272205	2	1	0,1
1	2206	rs272206	2	1	0,1
1	2207	rs272207	2	1	0,1
1	2208	rs272208	2	1	0,1
1	2209	rs272209	2	1	0,1
1	2210	rs272210	2	1	0,1
1	2211	rs272211	2	1	0,1
1	2212	rs272212	2	1	0,1
1	2213	rs272213	2	1	0,1
1	2214	rs272214	2	1	0,1
1	2215	rs272215	2	1	0,1
1	2216	rs272216	2	1	0,1
1	2217	rs272217	2	1	0,1
1	2218	rs272218	2	1	0,1
1	2219	rs272219	2	1	0,1
1	2220	rs272220	2	1	0,1
1	2221	rs272221	2	1	0,1
1	2222	rs272222	2	1	0,1
1	2223	rs272223	2	1	0,1
1	2224	rs272224	2	1	0,1
1	2225	rs272225	2	1	0,1
1	2226	rs272226	2	1	0,1
1	2227	rs272227	2	1	0,1
1	2228	rs272228	2	1	0,1
1	2229	rs272229	2	1	0,1
1	2230	rs272230	2	1	0,1
1	2231	rs272231	2	1	0,1
1	2232	rs272232	2	1	0,1
1	2233	rs272233	2	1	0,1
1	2234	rs272234	2	1	0,1
1	2235	rs272235	2	1	0,1
1	2236	rs272236	2	1	0,1
1	2237	rs272237	2	1	0,1
1	2238	rs272238	2	1	0,1
1	2239	rs272239	2	1	0,1
1	2240	rs272240	2	1	0,1
1	2241	rs272241	2	1	0,1
1	2242	rs272242	2	1	0,1
1	2243	rs272243	2	1	0,1
1	2244	rs272244	2	1	0,1
1	2245	rs272245	2	1	0,1
1	2246	rs272246	2	1	0,1
1	2247	rs272247	2	1	0,1
1	2248	rs272248	2	1	0,1
1	2249	rs272249	2	1	0,1
1	2250	rs272250	2	1	0,1
1	2251	rs272251	2	1	0,1
1	2252	rs272252	2	1	0,1
1	2253	rs272253	2	1	0,1
1	2254	rs272254	2	1	0,1
1	2255	rs272255	2	1	0,1
1	2256	rs272256	2	1	0,1
1	2257	rs272257	2	1	0,1
1	2258	rs272258	2	1	0,1
1	2259	rs272259	2	1	0,1
1	2260	rs272260	2	1	0,1
1	2261	rs272261	2	1	0,1
1	2262	rs272262	2	1	0,1
1	2263	rs272263	2	1	0,1
1	2264	rs272264	2	1	0,1
1	2265	rs272265	2	1	0,1
1	2266	rs272266	2	1	0,1
1	2267	rs272267	2	1	0,1
1	2268	rs272268	2	1	0,1
1	2269	rs272269	2	1	0,1
1	2270	rs272270	2	1	0,1
1	2271	rs272271	2	1	0,1
1	2272	rs272272	2	1	0,1
1	2273	rs272273	2	1	0,1
1	2274	rs272274	2	1	0,1
1	2275	rs272275	2	1	0,1
1	2276	rs272276	2	1	0,1
1	2277	rs272277	2	1	0,1
1	2278	rs272278	2	1	0,1
1	2279	rs272279	2	1	0,1
1	2280	rs272280	2	1	0,1
1	2281	rs272281	2	1	0,1
1	2282	rs272282	2	1	0,1
1	2283	rs272283	2	1	0,1
1	2284	rs272284	2	1	0,1
1	2285	rs272285	2	1	0,1
1	2286	rs272286	2	1	0,1
1	2287	rs272287	2	1	0,1
1	2288	rs272288	2	1	0,1
1	2289	rs272289	2	1	0,1
1	2290	rs272290	2	1	0,1
1	2291	rs272291	2	1	0,1
1	2292	rs272292	2	1	0,1
1	2293	rs272293	2	1	0,1
1	2294	rs272294	2	1	0,1
1	2295	rs272295	2	1	0,1
1	2296	rs272296	2	1	0,1
1	2297	rs272297	2	1	0,1
1	2298	rs272298	2	1	0,1
1	2299	rs272299	2	1	0,1
1	2300	rs272300	2	1	0,1
1	2301	rs272301	2	1	0,1
1	2302	rs272302	2	1	0,1
1	2303	rs272303	2	1	0,1
1	2304	rs272304	2	1	0,1
1	2305	rs272305	2	1	0,1
1	2306	rs272306	2	1	0,1
1	2307	rs272307	2	1	0,1
1	2308	rs272308	2	1	0,1
1	2309	rs272309	2	1	0,1
1	2310	rs272310	2	1	0,1
1	2311	rs272311	2	1	0,1
1	2312	rs272312	2	1	0,1
1	2313	rs272313	2	1	0,1
1	2314	rs272314	2	1	0,1
1	2315	rs272315	2	1	0,1
1	2316	rs272316	2	1	0,1
1	2317	rs272317	2	1	0,1
1	2318	rs272318	2	1	0,1
1	2319	rs272319	2	1	0,1
1	2320	rs272320	2	1	0,1
1	2321	rs272321	2	1	0,1
1	2322	rs272322	2	1	0,1
1	2323	rs272323	2	1	0,1
1	2324	rs272324	2	1	0,1
1	2325	rs272325	2	1	0,1
1	2326	rs272326	2	1	0,1
1	2327	rs272327	2	1	0,1
1	2328	rs272328	2	1	0,1
1	2329	rs272329	2	1	0,1
1	2330	rs272330	2	1	0,1
1	2331	rs272331	2	1	0,1
1	2332	rs272332	2	1	0,1
1	2333	rs272333	2	1	0,1
1	2334	rs272334	2	1	0,1
1	2335	rs272335	2	1	0,1
1	2336	rs272336	2	1	0,1
1	2337	rs272337	2	1	0,1
1	2338	rs272338	2	1	0,1
1	2339	rs272339	2	1	0,1
1	2340	rs272340	2	1	0,1
1	2341	rs272341	2	1	0,1
1	2342	rs272342	2	1	0,1
1	2343	rs272343	2	1	0,1
1	2344	rs272344	2	1	0,1
1	2345	rs272345	2	1	0,1
1	2346	rs272346	2	1	0,1
1	2347	rs272347	2	1	0,1
1	2348	rs272348	2	1	0,1
1	2349	rs272349	2	1	0,1
1	2350	rs272350	2	1	0,1
1	2351	rs272351	2	1	0,1
1	2352	rs272352	2	1	0,1
1	2353	rs272353	2	1	0,1
1	2354	rs272354	2	1	0,1
1	2355	rs272355	2	1	0,1
1	2356	rs272356	2	1	0,1
1	2357	rs272357	2	1	0,1
1	2358	rs272358	2	1	0,1
1	2359	rs272359	2	1	0,1
1	2360	rs272360	2	1	0,1
1	2361	rs272361	2	1	0,1
1	2362	rs272362	2	1	0,1
1	2363	rs272363	2	1	0,1
1	2364	rs272364	2	1	0,1
1	2365	rs272365	2	1	0,1
1	2366	rs272366	2	1	0,1
1	2367	rs272367	2	1	0,1
1	2368	rs272368	2	1	0,1
1	2369	rs272369	2	1	0,1
1	2370	rs272370	2	1	0,1
1	2371	rs272371	2	1	0,1
1	2372	rs272372	2	1	0,1
1	2373	rs272373	2	1	0,1
1	2374	rs272374	2	1	0,1
1	2375	rs272375	2	1	0,1
1	2376	rs272376	2	1	0,1
1	2377	rs272377	2	1	0,1
1	2378	rs272378	2	1	0,1
1	2379	rs272379	2	1	0,1
1	2380	rs272380	2	1	0,1
1	2381	rs272381	2	1	0,1
1	2382	rs272382	2	1	0,1
1	2383	rs272383	2	1	0,1
1	2384	rs272384	2	1	0,1
1	2385	rs272385	2	1	0,1
1	2386	rs272386	2	1	0,1
1	2387	rs272387	2	1	0,1
1	2388	rs272388	2	1	0,1
1	2389	rs272389	2	1	0,1
1	2390	rs272390	2	1	0,1
1	2391	rs272391	2	1	0,1
1	2392	rs272392	2	1	0,1
1	2393	rs272393	2	1	0,1
1	2394	rs272394	2	1	0,1
1	2395	rs272395	2	1	0,1
1	2396	rs272396	2	1	0,1
1	2397	rs272397	2	1	0,1
1	2398	rs272398	2	1	0,1
1	2399	rs272399	2	1	0,1
1	2400	rs272400	2	1	0,1
1	2401	rs272401	2	1	0,1
1	2402	rs272402	2	1	0,1
1	2403	rs272403	2	1	0,1
1	2404	rs272404	2	1	0,1
1	2405	rs272405	2	1	0,1
1	2406	rs272406	2	1	0,1
1	2407	rs272407	2	1	0,1
1	2408	rs272408	2	1	0,1
1	2409	rs272409	2	1	0,1
1	2410	rs272410	2	1	0,1
1	2411	rs272411	2	1	0,1
1	2412	rs272412	2	1	0,1
1	2413	rs272413	2	1	0,1
1	2414	rs272414	2	1	0,1
1	2415	rs272415	2	1	0,1
1	2416	rs272416	2	1	0,1
1	2417	rs272417	2	1	0,1
1	2418	rs272418	2	1	0,1
1	2419	rs272419	2	1	0,1
1	2420	rs272420	2	1	0,1
1	2421	rs272421	2	1	0,1
1	2422	rs272422	2	1	0,1
1	2423	rs272423	2	1	0,1
1	2424	rs272424	2	1	0,1
1	2425	rs272425	2	1	0,1
1	2426	rs272426	2	1	0,1
1	2427	rs272427	2	1	0,1
1	2428	rs272428	2	1	0,1
1	2429	rs272429	2	1	0,1
1	2430	rs272430	2	1	0,1
1	2431	rs272431	2	1	0,1
1	2432	rs272432	2	1	0,1
1	2433	rs272433	2	1	0,1
1	2434	rs272434	2	1	0,1
1	2435	rs272435	2	1	0,1
1	2436	rs272436	2	1	0,1
1	2437	rs272437	2	1	0,1
1	2438	rs272438	2	1	0,1
1	2439	rs272439	2	1	0,1
1	2440	rs272440	2	1	0,1
1	2441	rs272441	2	1	0,1
1	2442	rs272442	2	1	0,1
1	2443	rs272443	2	1	0,1
1	2444	rs272444	2	1	0,1
1	2445	rs272445	2	1	0,1
1	2446	rs272446	2	1	0,1
1	2447	rs272447	2	1	0,1
1	2448	rs272448	2	1	0,1
1	2449	rs272449	2	1	0,1
1	2450	rs272450	2	1	0,1
1	2451	rs272451	2	1	0,1
1	2452	rs272452	2	1	0,1
1	2453	rs272453	2	1	0,1
1	2454	rs272454	2	1	0,1
1	2455	rs272455	2	1	0,1
1	2456	rs272456	2	1	0,1
1	2457	rs272457	2	1	0,1
1	2458	rs272458	2	1	0,1
1	2459	rs272459	2	1	0,1
1	2460	rs272460	2	1	0,1
1	2461	rs272461	2	1	0,1
1	2462	rs272462	2	1	0,1
1	2463	rs272463	2	1	0,1
1	2464	rs272464	2	1	0,1
1	2465	rs272465	2	1	0,1
1	2466	rs272466	2	1	0,1
1	2467	rs272467	2	1	0,1
1	2468	rs272468	2	1	0,1
1	2469	rs272469	2	1	0,1
1	2470	rs272470	2	1	0,1
1	2471	rs272471	2	1	0,1
1	2472	rs272472	2	1	0,1
1	2473	rs272473	2	1	0,1
1	2474	rs272474	2	1	0,1
1	2475	rs272475	2	1	0,1
1	2476	rs272476	2	1	0,1
1	2477	rs272477	2	1	0,1
1	2478	rs272478	2	1	0,1
1	2479	rs272479	2	1	0,1
1	2480	rs272480	2	1	0,1
1	2481	rs272481	2	1	0,1
1	2482	rs272482	2	1	0,1
1	2483	rs272483	2	1	0,1
1	2484	rs272484	2	1	0,1
1	2485	rs272485	2	1	0,1
1	2486	rs272486	2	1	0,1
1	2487	rs272487	2	1	0,1
1	2488	rs272488	2	1	0,1
1	2489	rs272489	2	1	0,1
1	2490	rs272490	2	1	0,1
1	2491	rs272491	2	1	0,1
1	2492	rs272492	2	1	0,1
1	2493	rs272493	2	1	0,1
1	2494	rs272494	2	1	0,1
1	2495	rs272495	2	1	0,1
1	2496	rs272496	2	1	0,1
1	2497	rs272497	2	1	0,1
1	2498	rs272498	2	1	0,1
1	2499	rs272499	2	1	0,1
1	2500	rs272500	2	1	0,1
1	2501	rs272501	2	1	0,1
1	2502	rs272502	2	1	0,1
1	2503	rs272503	2	1	0,1
1	2504	rs272504	2	1	0,1
1	2505	rs272505	2	1	0,1
1	2506	rs272506	2	1	0,1
1	2507	rs272507	2	1	0,1
1	2508	rs272508	2	1	0,1
1	2509	rs272509	2	1	0,1
1	2510	rs272510	2	1	0,1
1	2511	rs272511	2	1	0,1
1	2512	rs272512	2	1	0,1
1	2513	rs272513	2	1	0,1
1	2514	rs272514	2	1	0,1
1	2515	rs272515	2	1	0,1
1	2516	rs272516	2	1	0,1
1	2517	rs272517	2	1	0,1
1	2518	rs272518	2	1	0,1
1	2519	rs272519	2	1	0,1
1	2520	rs272520	2	1	0,1
1	2521	rs272521	2	1	0,1
1	2522	rs272522	2	1	0,1
1	2523	rs272523	2	1	0,1
1	2524	rs272524	2	1	0,1
1	2525	rs272525	2	1	0,1
1	2526	rs272526	2	1	0,1
1	2527	rs272527	2	1	0,1
1	2528	rs272528	2	1	0,1
1	2529	rs272529	2	1	0,1
1	2530	rs272530	2	1	0,1
1	2531	rs272531	2	1	0,1
1	2532	rs272532	2	1	0,1
1	2533	rs272533	2	1	0,1
1	2534	rs272534	2	1	0,1
1	2535	rs272535	2	1	0,1
1	2536	rs272536	2	1	0,1
1	2537	rs272537	2	1	0,1
1	2538	rs272538	2	1	0,1
1	2539	rs272539	2	1	0,1
1	2540	rs272540	2	1	0,1
1	2541	rs272541	2	1	0,1
1	2542	rs272542	2	1	0,1
1	2543	rs272543	2	1	0,1
1	2544	rs272544	2	1	0,1
1	2545	rs272545	2	1	0,1
1	2546	rs272546	2	1	0,1
1	2547	rs272547	2	1	0,1
1	2548	rs272548	2	1	0,1
1	2549	rs272549	2	1	0,1
1	2550	rs272550	2	1	0,1
1	2551	rs272551	2	1	0,1
1	2552	rs272552	2	1	0,1
1	2553	rs272553	2	1	0,1
1	2554	rs272554	2	1	0,1
1	2555	rs272555	2	1	0,1
1	2556	rs272556	2	1	0,1
1	2557	rs272557	2	1	0,1
1	2558	rs272558	2	1	0,1
1	2559	rs272559	2	1	0,1
1	2560	rs272560	2	1	0,1
1	2561	rs272561	2	1	0,1
1	2562	rs272562	2	1	0,1
1	2563	rs272563	2	1	0,1
1	2564	rs272564	2	1	0,1
1	2565	rs272565	2	1	0,1
1	2566	rs272566	2	1	0,1
1	2567	rs272567	2	1	0,1
1	2568	rs272568	2	1	0,1
1	2569	rs272569	2	1	0,1
1	2570	rs272570	2	1	0,1
1	2571	rs272571	2	1	0,1
1	2572	rs272572	2	1	0,1
1	2573	rs272573	2	1	0,1
1	2574	rs272574	2	1	0,1
1	2575	rs272575	2	1	0,1
1	2576	rs272576	2	1	0,1
1	2577	rs272577	2	1	0,1
1	2578	rs272578	2	1	0,1
1	2579	rs272579	2	1	0,1
1	2580	rs272580	2	1	0,1
1	2581	rs272581	2	1	0,1
1	2582	rs272582	2	1	0,1
1	2583	rs272583	2	1	0,1
1	2584	rs272584	2	1	0,1
1	2585	rs272585	2	1	0,1
1	2586	rs272586	2	1	0,1
1	2587	rs272587	2	1	0,1
1	2588	rs272588	2	1	0,1
1	2589	rs272589	2	1	0,1
1	2590	rs272590	2	1	0,1
1	2591	rs272591	2	1	0,1
1	2592	rs272592	2	1	0,1
1	2593	rs272593	2	1	0,1
1	2594	rs272594	2	1	0,1
1	2595	rs272595	2	1	0,1
1	2596	rs272596	2	1	0,1
1	2597	rs272597	2	1	0,1
1	2598	rs272598	2	1	0,1
1	2599	rs272599	2	1	0,1
1	2600	rs272600	2	1	0,1
1	2601	rs272601	2	1	0,1
1	2602	rs272602	2	1	0,1
1	2603	rs272603	2	1	0,1
1	2604	rs272604	2	1	0,1
1	2605	rs272605	2	1	0,1
1	2606	rs272606	2	1	0,1
1	2607	rs272607	2	1	0,1
1	2608	rs272608	2	1	0,1
1	2609	rs272609	2	1	0,1
1	2610	rs272610	2	1	0,1
1	2611	rs272611	2	1	0,1
1	2612	rs272612	2	1	0,1
1	2613	rs272613	2	1	0,1
1	2614	rs272614	2	1	0,1
1	2615	rs272615	2	1	0,1
1	2616	rs272616	2	1	0,1
1	2617	rs272617	2	1	0,1
1	2618	rs272618	2	1	0,1
1	2619	rs272619	2	1	0,1
1	2620	rs272620	2	1	0,1
1	2621	rs272621	2	1	0,1
1	2622	rs272622	2	1	0,1
1	2623	rs272623	2	1	0,1
1	2624	rs272624	2	1	0,1
1	2625	rs272625	2	1	0,1
1	2626	rs272626	2	1	0,1
1	2627	rs272627	2	1	0,1
1	2628	rs272628	2	1	0,1
1	2629	rs272629	2	1	0,1
1	2630	rs272630	2	1	0,1
1	2631	rs272631	2	1	0,1
1	2632	rs272632	2	1	0,1
1	2633	rs272633	2	1	0,1
1	2634	rs272634	2	1	0,1
1	2635	rs272635	2	1	0,1
1	2636	rs272636	2	1	0,1
1	2637	rs272637	2	1	0,1
1	2638	rs272638	2	1	0,1
1	2639	rs272639	2	1	0,1
1	2640	rs272640	2	1	0,1
1	2641	rs272641	2	1	0,1
1	2642	rs272642	2	1	0,1
1	2643	rs272643	2	1	0,1
1	2644	rs272644	2	1	0,1
1	2645	rs272645	2	1	0,1
1	2646	rs272646	2	1	0,1
1	2647	rs272647	2	1	0,1
1	2648	rs272648	2	1	0,1
1	2649	rs272649	2	1	0,1
1	2650	rs272650	2	1	0,1
1	2651	rs272651	2	1	0,1
1	2652	rs272652	2	1	0,1
1	2653	rs272653	2	1	0,1
1	2654	rs272654	2	1	0,1
1	2655	rs272655	2	1	0,1
1	2656	rs272656	2	1	0,1
1	2657	rs272657	2	1	0,1
1	2658	rs272658	2	1	0,1
1	2659	rs272659	2	1	0,1
1	2660	rs272660	2	1	0,1
1	2661	rs272661	2	1	0,1
1	2662	rs272662	2	1	0,1
1	2663	rs272663	2	1	0,1
1	2664	rs272664	2	1	0,1
1	2665	rs272665	2	1	0,1
1	2666	rs272666	2	1	0,1
1	2667	rs272667	2	1	0,1
1	2668	rs272668	2	1	0,1
1	2669	rs272669	2	1	0,1
1	2670	rs272670	2	1	0,1
1	2671	rs272671	2	1	0,1
1	2672	rs272672	2	1	0,1
1	2673	rs272673	2	1	0,1
1	2674	rs272674	2	1	0,1
1	2675	rs272675	2	1	0,1
1	2676	rs272676	2	1	0,1
1	2677	rs272677	2	1	0,1
1	2678	rs272678	2	1	0,1
1	2679	rs272679	2	1	0,1
1	2680	rs272680	2	1	0,1
1	2681	rs272681	2	1	0,1
1	2682	rs272682	2	1	0,1
1	2683	rs272683	2	1	0,1
1	2684	rs272684	2	1	0,1
1	2685	rs272685	2	1	0,1
1	2686	rs272686	2	1	0,1
1	2687	rs272687	2	1	0,1
1	2688	rs272688	2	1	0,1
1	2689	rs272689	2	1	0,1
1	2690	rs272690	2	1	0,1
1	2691	rs272691	2	1	0,1
1	2692	rs272692	2	1	0,1
1	2693	rs272693	2	1	0,1
1	2694	rs272694	2	1	0,1
1	2695	rs272695	2	1	0,1
1	2696	rs272696	2	1	0,1
1	2697	rs272697	2	1	0,1
1	2698	rs272698	2	1	0,1
1	2699	rs272699	2	1	0,1
1	2700	rs272700	2	1	0,1
1	2701	rs272701	2	1	0,1
1	2702	rs272702	2	1	0,1
1	2703	rs272703	2	1	0,1
1	2704	rs272704	2	1	0,1
1	2705	rs272705	2	1	0,1
1	2706	rs272706	2	1	0,1
1	2707	rs272707	2	1	0,1
1	2708	rs272708	2	1	0,1
1	2709	rs272709	2	1	0,1
1	2710	rs272710	2	1	0,1
1	2711	rs272711	2	1	0,1
1	2712	rs272712	2	1	0,1
1	2713	rs272713	2	1	0,1
1	2714	rs272714	2	1	0,1
1	2715	rs272715	2	1	0,1
1	2716	rs272716	2	1	0,1
1	2717	rs272717	2	1	0,1
1	2718	rs272718	2	1	0,1
1	2719	rs272719	2	1	0,1
1	2720	rs272720	2	1	0,1
1	2721	rs272721	2	1	0,1
1	2722	rs272722	2	1	0,1
1	2723	rs272723	2	1	0,1
1	2724	rs272724	2	1	0,1
1	2725	rs272725	2	1	0,1
1	2726	rs272726	2	1	0,1
1	2727	rs272727	2	1	0,1
1	2728	rs272728	2	1	0,1
1	2729	rs272729	2	1	0,1
1	2730	rs272730	2	1	0,1
1	2731	rs272731	2	1	0,1
1	2732	rs272732	2	1	0,1
1	2733	rs272733	2	1	0,1
1	2734	rs272734	2	1	0,1
1	2735	rs272735	2	1	0,1
1	2736	rs272736	2	1	0,1
1	2737	rs272737	2	1	0,1
1	2738	rs272738	2	1	0,1
1	2739	rs272739	2	1	0,1
1	2740	rs272740	2	1	0,1
1	2741	rs272741	2	1	0,1
1	2742	rs272742	2	1	0,1
1	2743	rs272743	2	1	0,1
1	2744	rs272744	2	1	0,1
1	2745	rs272745	2	1	0,1
1	2746	rs272746	2	1	0,1
1	2747	rs272747	2	1	0,1
1	2748	rs272748	2	1	0,1
1	2749	rs272749	2	1	0,1
1	2750	rs272750	2	1	0,1
1	2751	rs272751	2	1	0,1
1	2752	rs272752	2	1	0,1
1	2753	rs272753	2	1	0,1
1	2754	rs272754	2	1	0,1
1	2755	rs272755	2	1	0,1
1	2756	rs272756	2	1	0,1
1	2757	rs272757	2	1	0,1
1	2758	rs272758	2	1	0,1
1	2759	rs272759	2	1	0,1
1	2760	rs272760	2	1	0,1
1	2761	rs272761	2	1	0,1
1	2762	rs272762	2	1	0,1
1	2763	rs272763	2	1	0,1
1	2764	rs272764	2	1	0,1
1	2765	rs272765	2	1	0,1
